"golden","state","num_trusted_judgment","birthplace","date_of_birth","race_ethnicity","religion","sexual_orientation","year_of_award","award","bio_url","movie","person"
"FALSE","finalized","3","Chisinau, Moldova","1895-09-30T00:00:00.000Z","White","Na","Straight","1927","Best Director","http://www.nndb.com/people/320/000043191/","Two Arabian Knights","Lewis Milestone"
"FALSE","finalized","3","Glasgow, Scotland","1886-02-02T00:00:00.000Z","White","Na","Straight","1930","Best Director","http://www.nndb.com/people/626/000042500/","The Divine Lady","Frank Lloyd"
"FALSE","finalized","3","Chisinau, Moldova","1895-09-30T00:00:00.000Z","White","Na","Straight","1931","Best Director","http://www.nndb.com/people/320/000043191/","All Quiet on the Western Front","Lewis Milestone"
"FALSE","finalized","3","Chicago, Il","1899-02-23T00:00:00.000Z","White","Na","Straight","1932","Best Director","http://www.nndb.com/people/544/000041421/","Skippy","Norman Taurog"
"FALSE","finalized","3","Salt Lake City, Ut","1894-04-23T00:00:00.000Z","White","Roman Catholic","Straight","1933","Best Director","http://www.nndb.com/people/292/000044160/","Bad Girl","Frank Borzage"
"FALSE","finalized","3","Glasgow, Scotland","1886-02-02T00:00:00.000Z","White","Na","Straight","1934","Best Director","http://www.nndb.com/people/626/000042500/","Cavalcade","Frank Lloyd"
"FALSE","finalized","3","Bisacquino, Sicily, Italy","1897-05-18T00:00:00.000Z","White","Roman Catholic","Straight","1935","Best Director","http://www.nndb.com/people/459/000032363/","It Happened One Night","Frank Capra"
"FALSE","finalized","3","Cape Elizabeth, Me","1894-02-01T00:00:00.000Z","White","Roman Catholic","Bisexual","1936","Best Director","http://www.nndb.com/people/458/000032362/","The Informer","John Ford"
"FALSE","finalized","3","Bisacquino, Sicily, Italy","1897-05-18T00:00:00.000Z","White","Roman Catholic","Straight","1937","Best Director","http://www.nndb.com/people/459/000032363/","Mr. Deeds Goes to Town","Frank Capra"
"FALSE","finalized","3","Los Angeles, Ca","1898-10-03T00:00:00.000Z","White","Na","Straight","1938","Best Director","http://www.nndb.com/people/380/000044248/","The Awful Truth","Leo McCarey"
"FALSE","finalized","3","Bisacquino, Sicily, Italy","1897-05-18T00:00:00.000Z","White","Roman Catholic","Straight","1939","Best Director","http://www.nndb.com/people/459/000032363/","You Can't Take It with You","Frank Capra"
"FALSE","finalized","3","Pasadena, Ca","1883-02-23T00:00:00.000Z","White","Na","Straight","1940","Best Director","http://www.nndb.com/people/416/000041293/","Gone with the Wind","Victor Fleming"
"FALSE","finalized","3","Cape Elizabeth, Me","1894-02-01T00:00:00.000Z","White","Roman Catholic","Bisexual","1941","Best Director","http://www.nndb.com/people/458/000032362/","The Grapes of Wrath","John Ford"
"FALSE","finalized","3","Cape Elizabeth, Me","1894-02-01T00:00:00.000Z","White","Roman Catholic","Bisexual","1942","Best Director","http://www.nndb.com/people/458/000032362/","How Green Was My Valley","John Ford"
"FALSE","finalized","3","Mulhouse, Haut-Rhin, Alsace, France","1902-07-01T00:00:00.000Z","White","Na","Straight","1943","Best Director","http://www.nndb.com/people/463/000032367/","Mrs. Miniver","William Wyler"
"FALSE","finalized","3","Budapest, Hungary","1886-12-24T00:00:00.000Z","White","Na","Straight","1944","Best Director","http://www.nndb.com/people/676/000032580/","Casablanca","Michael Curtiz"
"FALSE","finalized","3","Los Angeles, Ca","1898-10-03T00:00:00.000Z","White","Na","Straight","1945","Best Director","http://www.nndb.com/people/380/000044248/","Going My Way","Leo McCarey"
"FALSE","finalized","3","New York City","1918-10-11T00:00:00.000Z","White","Jewish","Gay","1962","Best Director","http://www.nndb.com/people/281/000064089/","West Side Story","Jerome Robbins"
"FALSE","finalized","3","Sucha, Galicia, Austria","1906-06-22T00:00:00.000Z","White","Jewish","Straight","1946","Best Director","http://www.nndb.com/people/982/000024910/","The Lost Weekend","Billy Wilder"
"FALSE","finalized","3","Mulhouse, Haut-Rhin, Alsace, France","1902-07-01T00:00:00.000Z","White","Na","Straight","1947","Best Director","http://www.nndb.com/people/463/000032367/","The Best Years of Our Lives","William Wyler"
"FALSE","finalized","3","Istanbul, Turkey","1909-09-07T00:00:00.000Z","White","Na","Straight","1948","Best Director","http://www.nndb.com/people/537/000026459/","Gentleman's Agreement","Elia Kazan"
"TRUE","golden","82","Nevada, Mo","1906-08-05T00:00:00.000Z","White","Na","Straight","1949","Best Director","http://www.nndb.com/people/704/000024632/","The Treasure of the Sierra Madre","John Huston"
"FALSE","finalized","3","Wilkes-Barre, Pa","1909-02-11T00:00:00.000Z","White","Jewish","Straight","1950","Best Director","http://www.nndb.com/people/723/000032627/","A Letter to Three Wives","Joseph L. Mankiewicz"
"FALSE","finalized","3","Wilkes-Barre, Pa","1909-02-11T00:00:00.000Z","White","Jewish","Straight","1951","Best Director","http://www.nndb.com/people/723/000032627/","All About Eve","Joseph L. Mankiewicz"
"FALSE","finalized","3","Oakland, Ca","1904-12-18T00:00:00.000Z","White","Na","Straight","1952","Best Director","http://www.nndb.com/people/382/000044250/","A Place in the Sun","George Stevens"
"FALSE","finalized","3","Cape Elizabeth, Me","1894-02-01T00:00:00.000Z","White","Roman Catholic","Bisexual","1953","Best Director","http://www.nndb.com/people/458/000032362/","The Quiet Man","John Ford"
"FALSE","finalized","3","Vienna, Austria","1907-04-29T00:00:00.000Z","White","Jewish","Straight","1954","Best Director","http://www.nndb.com/people/538/000032442/","From Here to Eternity","Fred Zinnemann"
"FALSE","finalized","3","Istanbul, Turkey","1909-09-07T00:00:00.000Z","White","Na","Straight","1955","Best Director","http://www.nndb.com/people/537/000026459/","On the Waterfront","Elia Kazan"
"FALSE","finalized","3","Lawrence, Ks","1920-01-30T00:00:00.000Z","White","Presbyterian","Straight","1956","Best Director","http://www.nndb.com/people/384/000044252/","Marty","Delbert Mann"
"FALSE","finalized","3","Oakland, Ca","1904-12-18T00:00:00.000Z","White","Na","Straight","1957","Best Director","http://www.nndb.com/people/382/000044250/","Giant","George Stevens"
"FALSE","finalized","3","Croydon, Surrey, England","1908-03-25T00:00:00.000Z","White","Na","Straight","1958","Best Director","http://www.nndb.com/people/462/000032366/","The Bridge on the River Kwai","David Lean"
"FALSE","finalized","3","Chicago, Il","1903-02-28T00:00:00.000Z","White","Na","Bisexual","1959","Best Director","http://www.nndb.com/people/825/000032729/","Gigi","Vincente Minnelli"
"FALSE","finalized","3","Mulhouse, Haut-Rhin, Alsace, France","1902-07-01T00:00:00.000Z","White","Na","Straight","1960","Best Director","http://www.nndb.com/people/463/000032367/","Ben-Hur","William Wyler"
"TRUE","golden","87","Sucha, Galicia, Austria","1906-06-22T00:00:00.000Z","White","Jewish","Straight","1961","Best Director","http://www.nndb.com/people/982/000024910/","The Apartment","Billy Wilder"
"FALSE","finalized","3","Winchester, In","1914-09-10T00:00:00.000Z","White","Na","Straight","1961","Best Director","http://www.nndb.com/people/460/000032364/","West Side Story","Robert Wise"
"FALSE","finalized","3","Croydon, Surrey, England","1908-03-25T00:00:00.000Z","White","Na","Straight","1963","Best Director","http://www.nndb.com/people/462/000032366/","Lawrence of Arabia","David Lean"
"FALSE","finalized","3","Shipley, Yorkshire, England","1928-06-05T00:00:00.000Z","White","Na","Bisexual","1964","Best Director","http://www.nndb.com/people/249/000043120/","Tom Jones","Tony Richardson"
"FALSE","finalized","3","New York City","1899-07-07T00:00:00.000Z","White","Na","Gay","1965","Best Director","http://www.nndb.com/people/373/000041250/","My Fair Lady","George Cukor"
"FALSE","finalized","3","Winchester, In","1914-09-10T00:00:00.000Z","White","Na","Straight","1966","Best Director","http://www.nndb.com/people/460/000032364/","The Sound of Music","Robert Wise"
"FALSE","finalized","3","Vienna, Austria","1907-04-29T00:00:00.000Z","White","Jewish","Straight","1967","Best Director","http://www.nndb.com/people/538/000032442/","A Man for All Seasons","Fred Zinnemann"
"FALSE","finalized","3","Berlin, Germany","1931-11-06T00:00:00.000Z","White","Jewish","Straight","1968","Best Director","http://www.nndb.com/people/455/000023386/","The Graduate","Mike Nichols"
"FALSE","finalized","3","St. Louis Park, Mn","1954-11-29T00:00:00.000Z","White","Jewish","Straight","2008","Best Director","http://www.nndb.com/people/399/000025324/","No Country for Old Men","Joel Coen"
"FALSE","finalized","3","London, England","1906-12-30T00:00:00.000Z","White","Na","Straight","1969","Best Director","http://www.nndb.com/people/290/000064098/","Oliver!","Carol Reed"
"FALSE","finalized","3","London, England","1926-02-16T00:00:00.000Z","White","Na","Gay","1969","Best Director","http://www.nndb.com/people/771/000032675/","Midnight Cowboy","John Schlesinger"
"FALSE","finalized","3","Tokyo, Japan","1920-05-30T00:00:00.000Z","White","Na","Straight","1970","Best Director","http://www.nndb.com/people/509/000032413/","Patton","Franklin J. Schaffner"
"FALSE","finalized","3","Chicago, Il","1935-08-29T00:00:00.000Z","White","Jewish","Straight","1972","Best Director","http://www.nndb.com/people/112/000024040/","The French Connection","William Friedkin"
"FALSE","finalized","3","Chicago, Il","1927-06-23T00:00:00.000Z","White","Na","Straight","1973","Best Director","http://www.nndb.com/people/159/000032063/","Cabaret","Bob Fosse"
"FALSE","finalized","3","Minneapolis, Mn","1921-12-20T00:00:00.000Z","White","Na","Straight","1973","Best Director","http://www.nndb.com/people/783/000032687/","The Sting","George Roy Hill"
"FALSE","finalized","3","Detroit, Mi","1939-04-07T00:00:00.000Z","White","Na","Straight","1975","Best Director","http://www.nndb.com/people/866/000022800/","The Godfather Part II","Francis Ford Coppola"
"FALSE","finalized","3","C��slav, Czechoslovakia","1932-02-18T00:00:00.000Z","White","Na","Straight","1976","Best Director","http://www.nndb.com/people/622/000023553/","One Flew over the Cuckoo's Nest","Milos Forman"
"FALSE","finalized","3","Oak Park, Il","1935-12-21T00:00:00.000Z","White","Na","Straight","1976","Best Director","http://www.nndb.com/people/679/000032583/","Rocky","John G. Avildsen"
"FALSE","finalized","3","Brooklyn, Ny","1935-12-01T00:00:00.000Z","White","Jewish","Straight","1978","Best Director","http://www.nndb.com/people/501/000022435/","Annie Hall","Woody Allen"
"TRUE","golden","75","New York City","1939-02-03T00:00:00.000Z","White","Na","Straight","1979","Best Director","http://www.nndb.com/people/810/000043681/","The Deer Hunter","Michael Cimino"
"FALSE","finalized","3","Waxahachie, Tx","1932-09-29T00:00:00.000Z","White","Na","Straight","1980","Best Director","http://www.nndb.com/people/267/000064075/","Kramer vs. Kramer","Robert Benton"
"FALSE","finalized","3","Santa Monica, Ca","1936-08-18T00:00:00.000Z","White","Na","Straight","1980","Best Director","http://www.nndb.com/people/795/000022729/","Ordinary People","Robert Redford"
"FALSE","finalized","3","Richmond, Va","1937-03-30T00:00:00.000Z","White","Baptist","Straight","1981","Best Director","http://www.nndb.com/people/719/000022653/","Reds","Warren Beatty"
"FALSE","finalized","3","Cambridge, England","1923-08-29T00:00:00.000Z","White","Na","Straight","1982","Best Director","http://www.nndb.com/people/750/000023681/","Gandhi","Richard Attenborough"
"FALSE","finalized","3","North Bergen, Nj","1940-05-09T00:00:00.000Z","White","Na","Straight","1983","Best Director","http://www.nndb.com/people/209/000024137/","Terms of Endearment","James L. Brooks"
"FALSE","finalized","3","C��slav, Czechoslovakia","1932-02-18T00:00:00.000Z","White","Na","Straight","1985","Best Director","http://www.nndb.com/people/622/000023553/","Amadeus","Milos Forman"
"FALSE","finalized","3","Lafayette, In","1934-07-01T00:00:00.000Z","White","Jewish","Straight","1986","Best Director","http://www.nndb.com/people/772/000023703/","Out of Africa","Sydney Pollack"
"FALSE","finalized","3","New York City","1946-09-15T00:00:00.000Z","White","Atheist","Straight","1990","Best Director","http://www.nndb.com/people/545/000022479/","Platoon","Oliver Stone"
"FALSE","finalized","3","Parma, Emilia-Romagna, Italy","1941-03-16T00:00:00.000Z","White","Na","Straight","1988","Best Director","http://www.nndb.com/people/268/000024196/","The Last Emperor","Bernardo Bertolucci"
"FALSE","finalized","3","Baltimore, Md","1942-04-06T00:00:00.000Z","White","Jewish","Straight","1989","Best Director","http://www.nndb.com/people/748/000023679/","Rain Man","Barry Levinson"
"FALSE","finalized","3","New York City","1946-09-15T00:00:00.000Z","White","Atheist","Straight","1990","Best Director","http://www.nndb.com/people/545/000022479/","Born on the Fourth of July","Oliver Stone"
"FALSE","finalized","3","Lynwood, Ca","1955-01-18T00:00:00.000Z","White","Baptist","Straight","1991","Best Director","http://www.nndb.com/people/758/000022692/","Dances with Wolves","Kevin Costner"
"FALSE","finalized","3","Baldwin, Ny","1944-02-22T00:00:00.000Z","White","Na","Straight","1992","Best Director","http://www.nndb.com/people/578/000024506/","The Silence of the Lambs","Jonathan Demme"
"FALSE","finalized","3","San Francisco, Ca","1930-05-31T00:00:00.000Z","White","Na","Straight","1993","Best Director","http://www.nndb.com/people/849/000022783/","Unforgiven","Clint Eastwood"
"FALSE","finalized","3","Cincinnati, Oh","1946-12-18T00:00:00.000Z","White","Jewish","Straight","1994","Best Director","http://www.nndb.com/people/734/000022668/","Schindler's List","Steven Spielberg"
"FALSE","finalized","3","Chicago, Il","1952-05-14T00:00:00.000Z","White","Roman Catholic","Straight","1995","Best Director","http://www.nndb.com/people/224/000025149/","Forrest Gump","Robert Zemeckis"
"FALSE","finalized","3","Peekskill, Ny","1956-01-03T00:00:00.000Z","White","Roman Catholic","Straight","1996","Best Director","http://www.nndb.com/people/583/000022517/","Braveheart","Mel Gibson"
"FALSE","finalized","3","Ryde, Isle of Wight, England","1954-01-06T00:00:00.000Z","White","Na","Straight","1997","Best Director","http://www.nndb.com/people/513/000032417/","The English Patient","Anthony Minghella"
"FALSE","finalized","3","Kapuskasing, Ontario, Canada","1954-08-16T00:00:00.000Z","White","Atheist","Straight","1998","Best Director","http://www.nndb.com/people/385/000025310/","Titanic","James Cameron"
"FALSE","finalized","3","Cincinnati, Oh","1946-12-18T00:00:00.000Z","White","Jewish","Straight","1999","Best Director","http://www.nndb.com/people/734/000022668/","Saving Private Ryan","Steven Spielberg"
"FALSE","finalized","3","Reading, Berkshire, England","1965-08-01T00:00:00.000Z","White","Na","Straight","2000","Best Director","http://www.nndb.com/people/059/000025981/","American Beauty","Sam Mendes"
"FALSE","finalized","3","Atlanta, Ga","1963-01-14T00:00:00.000Z","White","Atheist","Straight","2001","Best Director","http://www.nndb.com/people/907/000025832/","Traffic","Steven Soderbergh"
"FALSE","finalized","3","Duncan, Ok","1954-03-01T00:00:00.000Z","White","Na","Straight","2002","Best Director","http://www.nndb.com/people/365/000025290/","A Beautiful Mind","Ron Howard"
"FALSE","finalized","3","Paris, France","1933-08-18T00:00:00.000Z","White","See Note","Straight","2003","Best Director","http://www.nndb.com/people/541/000023472/","The Pianist","Roman Polanski"
"FALSE","finalized","3","Wellington, New Zealand","1961-10-31T00:00:00.000Z","White","Na","Straight","2004","Best Director","http://www.nndb.com/people/848/000025773/","The Lord of the Rings: Return of the King","Peter Jackson"
"FALSE","finalized","3","San Francisco, Ca","1930-05-31T00:00:00.000Z","White","Na","Straight","2005","Best Director","http://www.nndb.com/people/849/000022783/","Million Dollar Baby","Clint Eastwood"
"FALSE","finalized","3","Pingtung, Taiwan","1954-10-23T00:00:00.000Z","Asian","Na","Straight","2006","Best Director","http://www.nndb.com/people/394/000025319/","Brokeback Mountain","Ang Lee"
"FALSE","finalized","3","Flushing, Ny","1942-11-17T00:00:00.000Z","White","Roman Catholic","Straight","2007","Best Director","http://www.nndb.com/people/678/000022612/","The Departed","Martin Scorsese"
"FALSE","finalized","3","St. Louis Park, Mn","1957-09-21T00:00:00.000Z","White","Jewish","Straight","2008","Best Director","http://www.nndb.com/people/400/000025325/","No Country for Old Men","Ethan Coen"
"TRUE","golden","81","Manchester, England","1956-10-20T00:00:00.000Z","White","Roman Catholic","Straight","2009","Best Director","http://www.nndb.com/people/887/000044755/","Slumdog Millionaire","Danny Boyle"
"FALSE","finalized","3","San Carlos, Ca","1951-11-27T00:00:00.000Z","White","Na","Straight","2009","Best Director","http://www.nndb.com/people/837/000079600/","The Hurt Locker","Kathryn Bigelow"
"FALSE","finalized","3","London, England","1972-01-01T00:00:00.000Z","White","Na","Na","2011","Best Director","http://www.nndb.com/people/093/000268286/","The King's Speech","Tom Hooper"
"FALSE","finalized","3","Paris, France","1967-03-29T00:00:00.000Z","White","Jewish","Straight","2012","Best Director","http://www.nndb.com/people/302/000281456/","The Artist","Michel Hazanavicius"
"FALSE","finalized","3","Pingtung, Taiwan","1954-10-23T00:00:00.000Z","Asian","Na","Straight","2013","Best Director","http://www.nndb.com/people/394/000025319/","Life of Pi","Ang Lee"
"FALSE","finalized","3","Rorschach, Switzerland","1884-07-23T00:00:00.000Z","White","Na","Bisexual","1929","Best Actor","http://www.nndb.com/people/738/000063549/","The Last Command","Emil Jannings"
"FALSE","finalized","3","Columbus, Oh","1889-03-29T00:00:00.000Z","White","Na","Straight","1930","Best Actor","http://www.nndb.com/people/739/000063550/","In Old Arizona","Warner Baxter"
"FALSE","finalized","3","London, England","1868-04-10T00:00:00.000Z","White","Na","Straight","1930","Best Actor","http://www.nndb.com/people/740/000063551/","Desraeli","George Arliss"
"FALSE","finalized","3","Philadelphia, Pa","1878-04-28T00:00:00.000Z","White","Roman Catholic","Straight","1931","Best Actor","http://www.nndb.com/people/741/000043612/","A Free Soul","Lionel Barrymore"
"FALSE","finalized","3","Kansas City, Mo","1885-04-01T00:00:00.000Z","White","Na","Straight","1932","Best Actor","http://www.nndb.com/people/976/000043847/","The Champ","Wallace Beery"
"FALSE","finalized","3","Victoria Hotel, Scarborough, Yorkshire, England","1899-07-01T00:00:00.000Z","White","Roman Catholic","Gay","1934","Best Actor","http://www.nndb.com/people/884/000042758/","The Private Life of Henry VIII","Charles Laughton"
"FALSE","finalized","3","Cadiz, Oh","1901-02-01T00:00:00.000Z","White","Na","Straight","1935","Best Actor","http://www.nndb.com/people/156/000027075/","It Happened One Night","Clark Gable"
"FALSE","finalized","3","Tunbridge Wells, Kent, England","1883-12-11T00:00:00.000Z","White","Anglican/episcopalian","Straight","1936","Best Actor","http://www.nndb.com/people/452/000047311/","The Informer","Victor McLaglen"
"FALSE","finalized","3","Lviv, Ukraine","1895-09-22T00:00:00.000Z","White","Jewish","Straight","1937","Best Actor","http://www.nndb.com/people/741/000063552/","The Story of Louis Pasteur","Paul Muni"
"FALSE","finalized","3","Milwaukee, Wi","1900-04-05T00:00:00.000Z","White","Roman Catholic","Straight","1938","Best Actor","http://www.nndb.com/people/979/000024907/","Captains Courageous","Spencer Tracy"
"FALSE","finalized","3","Milwaukee, Wi","1900-04-05T00:00:00.000Z","White","Roman Catholic","Straight","1939","Best Actor","http://www.nndb.com/people/979/000024907/","Boys Town","Spencer Tracy"
"FALSE","finalized","3","Withington, Manchester, England","1905-03-18T00:00:00.000Z","White","Na","Straight","1940","Best Actor","http://www.nndb.com/people/742/000063553/","Goodbye Mr. Chips","Robert Donat"
"FALSE","finalized","3","Indiana, Pa","1908-05-20T00:00:00.000Z","White","Presbyterian","Straight","1941","Best Actor","http://www.nndb.com/people/659/000026581/","The Philadelphia Story","Jimmy Stewart"
"FALSE","finalized","3","Helena, Mt","1901-05-07T00:00:00.000Z","White","Roman Catholic","Straight","1942","Best Actor","http://www.nndb.com/people/740/000031647/","Sergeant York","Gary Cooper"
"FALSE","finalized","3","Manhattan, Ny","1899-07-17T00:00:00.000Z","White","Roman Catholic","Straight","1943","Best Actor","http://www.nndb.com/people/798/000024726/","Yankee Doodle Dandy","James Cagney"
"FALSE","finalized","3","Budapest, Hungary","1887-05-26T00:00:00.000Z","White","Na","Straight","1944","Best Actor","http://www.nndb.com/people/713/000042587/","Watch on the Rhine","Paul Lukas"
"FALSE","finalized","3","Tacoma, Wa","1903-05-03T00:00:00.000Z","White","Roman Catholic","Straight","1945","Best Actor","http://www.nndb.com/people/651/000026573/","Going My Way","Bing Crosby"
"FALSE","finalized","3","Neath, Wales","1907-01-03T00:00:00.000Z","White","Na","Straight","1946","Best Actor","http://www.nndb.com/people/814/000042688/","The Lost Weekend","Ray Milland"
"FALSE","finalized","3","Racine, Wi","1897-08-31T00:00:00.000Z","White","Na","Straight","1947","Best Actor","http://www.nndb.com/people/255/000043126/","The Best Years of Our Lives","Fredric March"
"FALSE","finalized","3","Richmond, Surrey, England","1891-02-09T00:00:00.000Z","White","Na","Straight","1948","Best Actor","http://www.nndb.com/people/619/000042493/","A Double Life","Ronald Colman"
"FALSE","finalized","3","Dorking, Surrey, England","1907-05-22T00:00:00.000Z","White","Na","Bisexual","1949","Best Actor","http://www.nndb.com/people/607/000022541/","Hamlet","Laurence Olivier"
"FALSE","finalized","3","Philadelphia, Pa","1911-12-09T00:00:00.000Z","White","Na","Straight","1950","Best Actor","http://www.nndb.com/people/744/000063555/","All The King's Men","Broderick Crawford"
"FALSE","finalized","3","Santurce, Puerto Rico","1909-01-08T00:00:00.000Z","Hispanic","Na","Straight","1951","Best Actor","http://www.nndb.com/people/311/000026233/","Cyrano de Bergerac","Jose Ferrer"
"FALSE","finalized","3","New York City","1899-12-25T00:00:00.000Z","White","Na","Straight","1952","Best Actor","http://www.nndb.com/people/837/000024765/","The Africa Queen","Humphrey Bogart"
"TRUE","golden","95","Helena, Mt","1901-05-07T00:00:00.000Z","White","Roman Catholic","Straight","1953","Best Actor","http://www.nndb.com/people/740/000031647/","High Noon","Gary Cooper"
"FALSE","finalized","3","O'fallon, Il","1918-04-17T00:00:00.000Z","White","Na","Straight","1954","Best Actor","http://www.nndb.com/people/210/000022144/","Stalag 17","William Holden"
"FALSE","finalized","3","Omaha, Ne","1924-04-03T00:00:00.000Z","White","Deist","Bisexual","1955","Best Actor","http://www.nndb.com/people/721/000022655/","On the Waterfront","Marlon Brando"
"FALSE","finalized","3","Hamden, Ct","1917-01-24T00:00:00.000Z","White","Na","Straight","1956","Best Actor","http://www.nndb.com/people/730/000022664/","Marty","Ernest Borgnine"
"FALSE","finalized","3","Vladivostok, Russia","1920-07-11T00:00:00.000Z","White","Na","Straight","1957","Best Actor","http://www.nndb.com/people/459/000026381/","The King and I","Yul Brynner"
"FALSE","finalized","3","London, England","1914-04-02T00:00:00.000Z","White","Roman Catholic","Bisexual","1958","Best Actor","http://www.nndb.com/people/751/000023682/","The Bridge on the River Kwai","Alec Guinness"
"FALSE","finalized","3","London, England","1909-03-01T00:00:00.000Z","White","Na","Straight","1959","Best Actor","http://www.nndb.com/people/690/000031597/","Separate Tables","David Niven"
"FALSE","finalized","3","Evanston, Il","1923-10-04T00:00:00.000Z","White","Protestant","Straight","1960","Best Actor","http://www.nndb.com/people/961/000022895/","Ben-hur","Charlton Heston"
"FALSE","finalized","3","New York City","1913-11-02T00:00:00.000Z","White","Protestant","Straight","1961","Best Actor","http://www.nndb.com/people/938/000031845/","Elmer Gantry","Burt Lancaster"
"FALSE","finalized","3","Vienna, Austria","1930-12-08T00:00:00.000Z","White","Na","Straight","1962","Best Actor","http://www.nndb.com/people/351/000023282/","Judgement at Nuremberg","Maximilian Schell"
"FALSE","finalized","3","La Jolla, Ca","1916-04-05T00:00:00.000Z","White","Roman Catholic","Straight","1963","Best Actor","http://www.nndb.com/people/774/000023705/","To Kill a Mockingbird","Gregory Peck"
"FALSE","finalized","3","Miami, Fl","1927-02-20T00:00:00.000Z","Black","Deist","Straight","1964","Best Actor","http://www.nndb.com/people/200/000023131/","Lilies of the Field","Sidney Poitier"
"FALSE","finalized","3","Huyton, Lancashire, England","1908-03-05T00:00:00.000Z","White","Na","Straight","1965","Best Actor","http://www.nndb.com/people/132/000043003/","My Fair Lady","Rex Harrison"
"FALSE","finalized","3","New York City","1924-02-19T00:00:00.000Z","White","Na","Straight","1966","Best Actor","http://www.nndb.com/people/314/000026236/","Cat Ballou","Lee Marvin"
"FALSE","finalized","3","Hurstpierpoint, West Sussex, England","1922-01-21T00:00:00.000Z","White","Na","Straight","1967","Best Actor","http://www.nndb.com/people/950/000033851/","A Man For All Seasons","Paul Scofield"
"FALSE","finalized","3","Westhampton, Ny","1925-04-14T00:00:00.000Z","White","Lutheran","Straight","1968","Best Actor","http://www.nndb.com/people/762/000026684/","In the Heat of the Night","Rod Steiger"
"FALSE","finalized","3","La Jolla, Ca","1923-09-09T00:00:00.000Z","White","Na","Straight","1969","Best Actor","http://www.nndb.com/people/134/000023065/","Charly","Cliff Robertson"
"FALSE","finalized","3","Winterset, Ia","1907-05-26T00:00:00.000Z","White","Roman Catholic","Straight","1970","Best Actor","http://www.nndb.com/people/605/000023536/","True Grit","John Wayne"
"FALSE","finalized","3","Wise, Va","1927-10-18T00:00:00.000Z","White","Na","Straight","1971","Best Actor","http://www.nndb.com/people/025/000022956/","Patton","George C. Scott"
"FALSE","finalized","3","San Bernardino, Ca","1930-01-30T00:00:00.000Z","White","Na","Straight","1972","Best Actor","http://www.nndb.com/people/878/000022812/","The French Connection","Gene Hackman"
"FALSE","finalized","3","Omaha, Ne","1924-04-03T00:00:00.000Z","White","Deist","Bisexual","1973","Best Actor","http://www.nndb.com/people/721/000022655/","The Godfather","Marlon Brando"
"FALSE","finalized","3","Newton, Ma","1925-02-08T00:00:00.000Z","White","Roman Catholic","Straight","1974","Best Actor","http://www.nndb.com/people/714/000026636/","Save the Tiger","Jack Lemmon"
"FALSE","finalized","3","Mount Vernon, Ny","1918-11-04T00:00:00.000Z","White","Na","Straight","1975","Best Actor","http://www.nndb.com/people/182/000025107/","Harry and Tonto","Art Carney"
"FALSE","finalized","3","New York City","1937-04-22T00:00:00.000Z","White","Atheist","Straight","1976","Best Actor","http://www.nndb.com/people/722/000022656/","One Flew Over the Cuckoo's Nest","Jack Nicholson"
"FALSE","finalized","3","South Kensington, London, England","1916-09-28T00:00:00.000Z","White","Na","Straight","1977","Best Actor","http://www.nndb.com/people/745/000063556/","Network","Peter Finch"
"FALSE","finalized","3","Brooklyn, Ny","1947-10-29T00:00:00.000Z","White","Jewish","Straight","1978","Best Actor","http://www.nndb.com/people/814/000022748/","The Goodbye Girl","Richard Dreyfuss"
"FALSE","finalized","3","Yonkers, Ny","1938-12-29T00:00:00.000Z","White","Roman Catholic","Straight","1979","Best Actor","http://www.nndb.com/people/060/000023988/","Coming Home","Jon Voight"
"FALSE","finalized","3","Los Angeles, Ca","1937-08-08T00:00:00.000Z","White","Jewish","Straight","1980","Best Actor","http://www.nndb.com/people/882/000022816/","Kramer vs. Kramer","Dustin Hoffman"
"FALSE","finalized","3","New York City","1943-08-17T00:00:00.000Z","White","Roman Catholic","Straight","1981","Best Actor","http://www.nndb.com/people/765/000023696/","Raging Bull","Robert De Niro"
"FALSE","finalized","3","Grand Island, Ne","1905-05-16T00:00:00.000Z","White","Na","Straight","1982","Best Actor","http://www.nndb.com/people/496/000026418/","On Golden Pond","Henry Fonda"
"FALSE","finalized","3","Scarborough, Yorkshire, England","1943-12-31T00:00:00.000Z","Multiracial","Quaker","Straight","1983","Best Actor","http://www.nndb.com/people/519/000024447/","Gandhi","Ben Kingsley"
"FALSE","finalized","3","San Diego, Ca","1931-01-05T00:00:00.000Z","White","Na","Straight","1984","Best Actor","http://www.nndb.com/people/008/000022939/","Tender Mercies","Robert Duvall"
"FALSE","finalized","3","Pittsburgh, Pa","1939-10-24T00:00:00.000Z","Middle Eastern","Na","Straight","1985","Best Actor","http://www.nndb.com/people/123/000024051/","Amadeus","F. Murray Abraham"
"FALSE","finalized","3","Washington, Dc","1950-03-20T00:00:00.000Z","White","Lutheran","Straight","1986","Best Actor","http://www.nndb.com/people/683/000023614/","Kiss of the Spider Woman","William Hurt"
"FALSE","finalized","3","Shaker Heights, Oh","1925-01-26T00:00:00.000Z","White","Jewish","Straight","1987","Best Actor","http://www.nndb.com/people/804/000022738/","The Color of Money","Paul Newman"
"FALSE","finalized","3","New Brunswick, Nj","1944-09-25T00:00:00.000Z","White","Jewish","Straight","1988","Best Actor","http://www.nndb.com/people/614/000024542/","Wall Street","Michael Douglas"
"FALSE","finalized","3","Los Angeles, Ca","1937-08-08T00:00:00.000Z","White","Jewish","Straight","1989","Best Actor","http://www.nndb.com/people/882/000022816/","Rainman","Dustin Hoffman"
"FALSE","finalized","3","London, England","1957-04-29T00:00:00.000Z","White","Na","Straight","1990","Best Actor","http://www.nndb.com/people/788/000022722/","My Left Foot","Daniel Day-Lewis"
"FALSE","finalized","3","Cowes, Isle of Wight, England","1948-09-19T00:00:00.000Z","White","Na","Straight","1991","Best Actor","http://www.nndb.com/people/594/000023525/","Reversal of Fortune","Jeremy Irons"
"FALSE","finalized","3","Port Talbot, Wales","1937-12-31T00:00:00.000Z","White","Na","Straight","1992","Best Actor","http://www.nndb.com/people/005/000023933/","Silence of the Lambs","Anthony Hopkins"
"FALSE","finalized","3","East Harlem, New York City","1940-04-25T00:00:00.000Z","White","Roman Catholic","Straight","1993","Best Actor","http://www.nndb.com/people/880/000022814/","Scent of a Woman","Al Pacino"
"TRUE","golden","84","Concord, Ca","1956-07-09T00:00:00.000Z","White","Born-Again Christian","Straight","1994","Best Actor","http://www.nndb.com/people/687/000022621/","Philadelphia","Tom Hanks"
"FALSE","finalized","3","Concord, Ca","1956-07-09T00:00:00.000Z","White","Born-Again Christian","Straight","1995","Best Actor","http://www.nndb.com/people/687/000022621/","Forrest Gump","Tom Hanks"
"FALSE","finalized","3","Long Beach, Ca","1964-01-07T00:00:00.000Z","White","Roman Catholic","Straight","1996","Best Actor","http://www.nndb.com/people/751/000022685/","Leaving Las Vegas","Nicolas Cage"
"FALSE","finalized","3","Toowoomba, Queensland, Australia","1951-07-06T00:00:00.000Z","White","Na","Straight","1997","Best Actor","http://www.nndb.com/people/126/000025051/","Shine","Geoffrey Rush"
"FALSE","finalized","3","New York City","1937-04-22T00:00:00.000Z","White","Atheist","Straight","1997","Best Actor","http://www.nndb.com/people/722/000022656/","As Good as It Gets","Jack Nicholson"
"FALSE","finalized","3","Misericordia, Arezzo, Tuscany, Italy","1952-10-27T00:00:00.000Z","White","Na","Straight","1999","Best Actor","http://www.nndb.com/people/259/000025184/","Life is Beautiful","Roberto Benigni"
"FALSE","finalized","3","South Orange, Nj","1959-07-26T00:00:00.000Z","White","Na","Matter of Dispute","2000","Best Actor","http://www.nndb.com/people/591/000023522/","American Beauty","Kevin Spacey"
"FALSE","finalized","3","Wellington, New Zealand","1964-04-07T00:00:00.000Z","White","Na","Straight","2001","Best Actor","http://www.nndb.com/people/782/000022716/","Gladiator","Russell Crowe"
"FALSE","finalized","3","Mount Vernon, Ny","1954-12-28T00:00:00.000Z","Black","Protestant","Straight","2002","Best Actor","http://www.nndb.com/people/665/000023596/","Training Day","Denzel Washington"
"FALSE","finalized","3","New York City","1973-04-14T00:00:00.000Z","White","Jewish","Straight","2003","Best Actor","http://www.nndb.com/people/112/000026034/","The Pianist","Adrien Brody"
"FALSE","finalized","3","Burbank, Ca","1960-08-17T00:00:00.000Z","White","Roman Catholic","Straight","2003","Best Actor","http://www.nndb.com/people/331/000025256/","Mystic River","Sean Penn"
"FALSE","finalized","3","Terrell, Tx","1967-12-13T00:00:00.000Z","Black","Baptist","Straight","2005","Best Actor","http://www.nndb.com/people/113/000026035/","Ray","Jamie Foxx"
"FALSE","finalized","3","Fairport, Ny","1967-07-23T00:00:00.000Z","White","Na","Straight","2006","Best Actor","http://www.nndb.com/people/409/000027328/","Capote","Philip Seymour Hoffman"
"FALSE","finalized","3","Longview, Tx","1961-07-15T00:00:00.000Z","Black","Na","Straight","2007","Best Actor","http://www.nndb.com/people/833/000025758/","The Last King of Scotland","Forest Whitaker"
"FALSE","finalized","3","London, England","1957-04-29T00:00:00.000Z","White","Na","Straight","2008","Best Actor","http://www.nndb.com/people/788/000022722/","There Will Be Blood","Daniel Day-Lewis"
"FALSE","finalized","3","Burbank, Ca","1960-08-17T00:00:00.000Z","White","Roman Catholic","Straight","2009","Best Actor","http://www.nndb.com/people/331/000025256/","Milk","Sean Penn"
"FALSE","finalized","3","Los Angeles, Ca","1949-12-04T00:00:00.000Z","White","Lutheran","Straight","2010","Best Actor","http://www.nndb.com/people/779/000022713/","Crazy Heart","Jeff Bridges"
"FALSE","finalized","3","Grayshott, Hampshire, England","1960-09-10T00:00:00.000Z","White","Na","Straight","2011","Best Actor","http://www.nndb.com/people/813/000043684/","The King's Speech","Colin Firth"
"FALSE","finalized","3","Rueil-Malmaison, Hauts-De-Seine, France","1972-06-19T00:00:00.000Z","White","Na","Straight","2012","Best Actor","http://www.nndb.com/people/303/000281457/","The Artist","Jean Dujardin"
"FALSE","finalized","3","London, England","1957-04-29T00:00:00.000Z","White","Na","Straight","2013","Best Actor","http://www.nndb.com/people/788/000022722/","Lincoln","Daniel Day-Lewis"
"FALSE","finalized","3","Uvalde, Tx","1969-11-04T00:00:00.000Z","White","Na","Straight","2014","Best Actor","http://www.nndb.com/people/583/000023514/","Dallas Buyers Club","Matthew McConaughey"
"FALSE","finalized","3","Swampscott, Ma","1894-07-25T00:00:00.000Z","White","Na","Straight","1938","Best Supporting Actor","http://www.nndb.com/people/347/000032251/","Come and Get It","Walter Brennan"
"FALSE","finalized","3","Vienna, Austria","1896-03-22T00:00:00.000Z","White","Na","Straight","1938","Best Supporting Actor","http://www.nndb.com/people/115/000063923/","The Life of Emile Zola","Joseph Schildkraut"
"FALSE","finalized","3","Swampscott, Ma","1894-07-25T00:00:00.000Z","White","Na","Straight","1939","Best Supporting Actor","http://www.nndb.com/people/347/000032251/","Kentucky","Walter Brennan"
"FALSE","finalized","3","Elizabeth, Nj","1892-07-11T00:00:00.000Z","White","Na","Straight","1940","Best Supporting Actor","http://www.nndb.com/people/116/000063924/","Stagecoach","Thomas Mitchell"
"FALSE","finalized","3","Swampscott, Ma","1894-07-25T00:00:00.000Z","White","Na","Straight","1941","Best Supporting Actor","http://www.nndb.com/people/347/000032251/","The Westerner","Walter Brennan"
"FALSE","finalized","3","London, England","1880-07-27T00:00:00.000Z","White","Na","Straight","1942","Best Supporting Actor","http://www.nndb.com/people/689/000031596/","How Green Was My Valley","Donald Crisp"
"TRUE","golden","90","Walters, Ok","1910-12-13T00:00:00.000Z","White","Na","Straight","1943","Best Supporting Actor","http://www.nndb.com/people/680/000042554/","Johnny Eager","Van Heflin"
"FALSE","finalized","3","Savannah, Ga","1877-06-17T00:00:00.000Z","White","Na","Straight","1944","Best Supporting Actor","http://www.nndb.com/people/127/000063935/","The More the Merrier","Charles Coburn"
"FALSE","finalized","3","Dublin, Ireland","1888-03-10T00:00:00.000Z","White","Protestant","Na","1945","Best Supporting Actor","http://www.nndb.com/people/126/000063934/","Going My Way","Barry Fitzgerald"
"FALSE","finalized","3","New York City","1901-11-02T00:00:00.000Z","White","Na","Straight","1946","Best Supporting Actor","http://www.nndb.com/people/125/000063933/","A Tree Grows in Brooklyn","James Dunn"
"FALSE","finalized","3","North Sydney, Nova Scotia, Canada","1914-01-14T00:00:00.000Z","White","Na","Straight","1947","Best Supporting Actor","http://www.nndb.com/people/124/000063932/","The Best Years of Our Lives","Harold Russell"
"FALSE","finalized","3","Vale of Glamorgan, Wales","1875-09-26T00:00:00.000Z","White","Na","Na","1948","Best Supporting Actor","http://www.nndb.com/people/123/000063931/","Miracle on 34th Street","Edmund Gwenn"
"FALSE","finalized","3","Toronto, Ontario, Canada","1884-04-06T00:00:00.000Z","White","Na","Straight","1949","Best Supporting Actor","http://www.nndb.com/people/122/000063930/","The Treasure of the Sierra Madre","Walter Huston"
"FALSE","finalized","3","Lima, Oh","1903-11-07T00:00:00.000Z","White","Na","Straight","1950","Best Supporting Actor","http://www.nndb.com/people/121/000063929/","Twelve O'Clock High","Dean Jagger"
"FALSE","finalized","3","St. Petersburg, Russia","1906-07-03T00:00:00.000Z","White","Na","Straight","1951","Best Supporting Actor","http://www.nndb.com/people/728/000043599/","All About Eve","George Sanders"
"FALSE","finalized","3","Chicago, Il","1912-03-22T00:00:00.000Z","White","Na","Straight","1952","Best Supporting Actor","http://www.nndb.com/people/553/000022487/","A Streetcar Named Desire","Karl Malden"
"FALSE","finalized","3","Chihuahua, Mexico","1915-04-21T00:00:00.000Z","Hispanic","Na","Straight","1953","Best Supporting Actor","http://www.nndb.com/people/228/000032132/","Viva Zapata!","Anthony Quinn"
"FALSE","finalized","3","Hoboken, Nj","1915-12-12T00:00:00.000Z","White","Na","Straight","1954","Best Supporting Actor","http://www.nndb.com/people/300/000026222/","From Here to Eternity","Frank Sinatra"
"FALSE","finalized","3","New York City","1915-09-10T00:00:00.000Z","White","Roman Catholic","Straight","1955","Best Supporting Actor","http://www.nndb.com/people/620/000042494/","The Barefoot Contessa","Edmond O'Brien"
"FALSE","finalized","3","Newton, Ma","1925-02-08T00:00:00.000Z","White","Roman Catholic","Straight","1956","Best Supporting Actor","http://www.nndb.com/people/714/000026636/","Mister Roberts","Jack Lemmon"
"FALSE","finalized","3","Chihuahua, Mexico","1915-04-21T00:00:00.000Z","Hispanic","Na","Straight","1957","Best Supporting Actor","http://www.nndb.com/people/228/000032132/","Lust for Life","Anthony Quinn"
"FALSE","finalized","3","New York City","1919-02-05T00:00:00.000Z","White","Jewish","Straight","1958","Best Supporting Actor","http://www.nndb.com/people/820/000022754/","Sayonara","Red Buttons"
"FALSE","finalized","3","Hunt City, Il","1909-06-14T00:00:00.000Z","White","Na","Straight","1959","Best Supporting Actor","http://www.nndb.com/people/679/000042553/","The Big Country","Burl Ives"
"FALSE","finalized","3","Marian Glas, Anglesey, Wales","1912-05-30T00:00:00.000Z","White","Na","Na","1960","Best Supporting Actor","http://www.nndb.com/people/120/000063928/","Ben-Hur","Hugh Griffith"
"FALSE","finalized","3","London, England","1921-04-16T00:00:00.000Z","White","Na","Straight","1961","Best Supporting Actor","http://www.nndb.com/people/810/000022744/","Spartacus","Peter Ustinov"
"FALSE","finalized","3","Norwood, Oh","1934-09-16T00:00:00.000Z","White","Na","Gay","1962","Best Supporting Actor","http://www.nndb.com/people/119/000063927/","West Side Story","George Chakiris"
"FALSE","finalized","3","Hartford, Ct","1901-03-25T00:00:00.000Z","White","Na","Straight","1963","Best Supporting Actor","http://www.nndb.com/people/915/000043786/","Sweet Bird of Youth","Ed Begley, Sr."
"FALSE","finalized","3","Macon, Ga","1901-04-05T00:00:00.000Z","White","Jewish","Straight","1964","Best Supporting Actor","http://www.nndb.com/people/100/000063908/","Hud","Melvyn Douglas"
"FALSE","finalized","3","London, England","1921-04-16T00:00:00.000Z","White","Na","Straight","1965","Best Supporting Actor","http://www.nndb.com/people/810/000022744/","Topkapi","Peter Ustinov"
"FALSE","finalized","3","Bronx, Ny","1919-11-04T00:00:00.000Z","White","Na","Straight","1966","Best Supporting Actor","http://www.nndb.com/people/111/000063919/","A Thousand Clowns","Martin Balsam"
"FALSE","finalized","3","New York City","1920-10-01T00:00:00.000Z","White","Jewish","Straight","1967","Best Supporting Actor","http://www.nndb.com/people/768/000023699/","The Fortune Cookie","Walter Matthau"
"FALSE","finalized","3","New York City","1925-02-18T00:00:00.000Z","White","Na","Straight","1968","Best Supporting Actor","http://www.nndb.com/people/001/000022932/","Cool Hand Luke","George Kennedy"
"TRUE","golden","84","Malden, Ma","1907-06-16T00:00:00.000Z","White","Na","Na","1969","Best Supporting Actor","http://www.nndb.com/people/559/000049412/","The Subject Was Roses","Jack Albertson"
"FALSE","finalized","3","St. Cloud, Mn","1913-11-04T00:00:00.000Z","White","Na","Straight","1970","Best Supporting Actor","http://www.nndb.com/people/110/000063918/","They Shoot Horses, Don't They?","Gig Young"
"FALSE","finalized","3","Felixstowe, Suffolk, England","1908-02-22T00:00:00.000Z","White","Na","Straight","1971","Best Supporting Actor","http://www.nndb.com/people/701/000030611/","Ryan's Daughter","John Mills"
"FALSE","finalized","3","Shidler, Ok","1918-06-13T00:00:00.000Z","White","Na","Straight","1972","Best Supporting Actor","http://www.nndb.com/people/425/000064233/","The Last Picture Show","Ben Johnson"
"FALSE","finalized","3","Cleveland, Oh","1932-04-11T00:00:00.000Z","White","Jewish","Gay","1973","Best Supporting Actor","http://www.nndb.com/people/853/000048709/","Cabaret","Joel Grey"
"FALSE","finalized","3","Bucharest, Romania","1902-09-22T00:00:00.000Z","White","Na","Straight","1974","Best Supporting Actor","http://www.nndb.com/people/686/000042560/","The Paper Chase","John Houseman"
"FALSE","finalized","3","New York City","1943-08-17T00:00:00.000Z","White","Roman Catholic","Straight","1975","Best Supporting Actor","http://www.nndb.com/people/765/000023696/","The Godfather Part II","Robert De Niro"
"FALSE","finalized","3","New York City","1896-01-20T00:00:00.000Z","White","Jewish","Straight","1976","Best Supporting Actor","http://www.nndb.com/people/895/000022829/","The Sunshine Boys","George Burns"
"TRUE","golden","91","Chicago, Il","1922-07-26T00:00:00.000Z","White","Na","Straight","1977","Best Supporting Actor","http://www.nndb.com/people/224/000032128/","All the President's Men","Jason Robards"
"FALSE","finalized","3","Chicago, Il","1922-07-26T00:00:00.000Z","White","Na","Straight","1978","Best Supporting Actor","http://www.nndb.com/people/224/000032128/","Julia","Jason Robards"
"FALSE","finalized","3","Astoria, Ny","1943-03-31T00:00:00.000Z","White","Na","Straight","1979","Best Supporting Actor","http://www.nndb.com/people/618/000022552/","The Deer Hunter","Christopher Walken"
"FALSE","finalized","3","Macon, Ga","1901-04-05T00:00:00.000Z","White","Jewish","Straight","1980","Best Supporting Actor","http://www.nndb.com/people/100/000063908/","Being There","Melvyn Douglas"
"FALSE","finalized","3","Malibu, Ca","1960-08-16T00:00:00.000Z","White","Na","Straight","1981","Best Supporting Actor","http://www.nndb.com/people/378/000024306/","Oridnary People","Timothy Hutton"
"FALSE","finalized","3","London, England","1904-04-14T00:00:00.000Z","White","Na","Gay","1982","Best Supporting Actor","http://www.nndb.com/people/589/000033490/","Arthur","John Gielgud"
"FALSE","finalized","3","Brooklyn, Ny","1936-05-27T00:00:00.000Z","Black","Na","Straight","1983","Best Supporting Actor","http://www.nndb.com/people/906/000023837/","An Officer and a Gentleman","Lou Gossett, Jr."
"FALSE","finalized","3","New York City","1937-04-22T00:00:00.000Z","White","Atheist","Straight","1984","Best Supporting Actor","http://www.nndb.com/people/722/000022656/","Terms of Endearment","Jack Nicholson"
"FALSE","finalized","3","Samrong Young, Cambodia","1940-03-22T00:00:00.000Z","Asian","Buddhist","Straight","1985","Best Supporting Actor","http://www.nndb.com/people/093/000063901/","The Killing Fields","Haing S. Ngor"
"FALSE","finalized","3","Kenosha, Wi","1904-05-31T00:00:00.000Z","White","Roman Catholic","Straight","1986","Best Supporting Actor","http://www.nndb.com/people/736/000024664/","Cocoon","Don Ameche"
"FALSE","finalized","3","Bermondsey, England","1933-03-14T00:00:00.000Z","White","Na","Straight","1987","Best Supporting Actor","http://www.nndb.com/people/754/000022688/","Hannah and Her Sisters","Michael Caine"
"FALSE","finalized","3","Edinburgh, Scotland","1930-08-25T00:00:00.000Z","White","Roman Catholic","Straight","1988","Best Supporting Actor","http://www.nndb.com/people/881/000022815/","The Untouchables","Sean Connery"
"FALSE","finalized","3","St. Louis, Mo","1947-10-24T00:00:00.000Z","White","Roman Catholic","Straight","1989","Best Supporting Actor","http://www.nndb.com/people/819/000024747/","A Fish Called Wanda","Kevin Kline"
"FALSE","finalized","3","Mount Vernon, Ny","1954-12-28T00:00:00.000Z","Black","Protestant","Straight","1990","Best Supporting Actor","http://www.nndb.com/people/665/000023596/","Glory","Denzel Washington"
"FALSE","finalized","3","Newark, Nj","1943-02-09T00:00:00.000Z","White","Na","Straight","1991","Best Supporting Actor","http://www.nndb.com/people/582/000022516/","Good Fellas","Joe Pesci"
"FALSE","finalized","3","Lattimer Mines, Pa","1919-02-18T00:00:00.000Z","White","Na","Straight","1992","Best Supporting Actor","http://www.nndb.com/people/579/000022513/","City Slickers","Jack Palance"
"FALSE","finalized","3","San Bernardino, Ca","1930-01-30T00:00:00.000Z","White","Na","Straight","1993","Best Supporting Actor","http://www.nndb.com/people/878/000022812/","Unforgiven","Gene Hackman"
"FALSE","finalized","3","San Saba, Tx","1946-09-15T00:00:00.000Z","White","Na","Straight","1994","Best Supporting Actor","http://www.nndb.com/people/530/000022464/","The Fugitive","Tommy Lee Jones"
"FALSE","finalized","3","Brooklyn, Ny","1931-06-20T00:00:00.000Z","White","Jewish","Straight","1995","Best Supporting Actor","http://www.nndb.com/people/431/000023362/","Ed Wood","Martin Landau"
"FALSE","finalized","3","South Orange, Nj","1959-07-26T00:00:00.000Z","White","Na","Matter of Dispute","1996","Best Supporting Actor","http://www.nndb.com/people/591/000023522/","The Usual Suspects","Kevin Spacey"
"FALSE","finalized","3","Bronx, Ny","1968-01-02T00:00:00.000Z","Black","Na","Straight","1997","Best Supporting Actor","http://www.nndb.com/people/587/000023518/","Jerry Maguire","Cuba Gooding, Jr."
"FALSE","finalized","3","Chicago, Il","1951-07-21T00:00:00.000Z","White","Anglican/episcopalian","Straight","1998","Best Supporting Actor","http://www.nndb.com/people/606/000022540/","Good Will Hunting","Robin Williams"
"TRUE","golden","62","Laurel, Ne","1928-08-31T00:00:00.000Z","White","Na","Straight","1999","Best Supporting Actor","http://www.nndb.com/people/764/000022698/","Affliction","James Coburn"
"FALSE","finalized","3","Bermondsey, England","1933-03-14T00:00:00.000Z","White","Na","Straight","2000","Best Supporting Actor","http://www.nndb.com/people/754/000022688/","The Cider House Rules","Michael Caine"
"FALSE","finalized","3","Santurce, Puerto Rico","1967-02-19T00:00:00.000Z","Hispanic","Na","Straight","2001","Best Supporting Actor","http://www.nndb.com/people/087/000026009/","Traffic","Benicio Del Toro"
"FALSE","finalized","3","Lincoln, Lincolnshire, England","1949-05-24T00:00:00.000Z","White","Na","Straight","2002","Best Supporting Actor","http://www.nndb.com/people/092/000063900/","Iris","Jim Broadbent"
"FALSE","finalized","3","Kansas City, Mo","1951-07-09T00:00:00.000Z","White","Na","Straight","2003","Best Supporting Actor","http://www.nndb.com/people/130/000025055/","Adaptation","Chris Cooper"
"FALSE","finalized","3","West Covina, Ca","1958-10-16T00:00:00.000Z","White","Roman Catholic","Straight","2004","Best Supporting Actor","http://www.nndb.com/people/614/000025539/","Mystic River","Tim Robbins"
"FALSE","finalized","3","Memphis, Tn","1937-06-01T00:00:00.000Z","Black","Na","Straight","2005","Best Supporting Actor","http://www.nndb.com/people/982/000023913/","Million Dollar Baby","Morgan Freeman"
"FALSE","finalized","3","Lexington, Ky","1961-05-06T00:00:00.000Z","White","Na","Straight","2006","Best Supporting Actor","http://www.nndb.com/people/763/000022697/","Syriana","George Clooney"
"FALSE","finalized","3","Brooklyn, Ny","1934-03-26T00:00:00.000Z","White","Jewish","Straight","2007","Best Supporting Actor","http://www.nndb.com/people/777/000022711/","Little Miss Sunshine","Alan Arkin"
"FALSE","finalized","3","Las Palmas De Gran Canaria, Canary Islands","1969-03-01T00:00:00.000Z","Hispanic","Na","Straight","2008","Best Supporting Actor","http://www.nndb.com/people/733/000109406/","No Country for Old Men","Javier Bardem"
"FALSE","finalized","3","Perth, Australia","1979-04-04T00:00:00.000Z","White","Na","Straight","2009","Best Supporting Actor","http://www.nndb.com/people/204/000029117/","The Dark Knight","Heath Ledger"
"FALSE","finalized","3","Na","1956-10-04T00:00:00.000Z","White","Na","Straight","2010","Best Supporting Actor","http://www.nndb.com/people/455/000213813/","Inglourious Basterds","Christoph Waltz"
"FALSE","finalized","3","Haverfordwest, Pembrokeshire, Wales","1974-01-30T00:00:00.000Z","White","Na","Straight","2011","Best Supporting Actor","http://www.nndb.com/people/877/000031784/","The Fighter","Christian Bale"
"FALSE","finalized","3","Toronto, Ontario, Canada","1929-12-13T00:00:00.000Z","White","Na","Straight","2012","Best Supporting Actor","http://www.nndb.com/people/316/000023247/","Beginning","Christopher Plummer"
"FALSE","finalized","3","Na","1956-10-04T00:00:00.000Z","White","Na","Straight","2013","Best Supporting Actor","http://www.nndb.com/people/455/000213813/","Django Unchained","Christoph Waltz"
"FALSE","finalized","3","Bossier City, La","1971-12-26T00:00:00.000Z","White","Na","Straight","2014","Best Supporting Actor","http://www.nndb.com/people/438/000026360/","Dallas Buyers Club","Jared Leto"
"FALSE","finalized","3","Philadelphia, Pa","1906-10-06T00:00:00.000Z","White","Na","Straight","1929","Best Actress","http://www.nndb.com/people/129/000043000/","7th Heaven","Janet Gaynor"
"FALSE","finalized","3","Toronto, Ontario, Canada","1892-04-08T00:00:00.000Z","White","Na","Straight","1930","Best Actress","http://www.nndb.com/people/683/000042557/","Coquette","Mary Pickford"
"FALSE","finalized","3","Montreal, Quebec, Canada","1902-08-10T00:00:00.000Z","White","Na","Straight","1930","Best Actress","http://www.nndb.com/people/813/000063624/","The Divorcee","Norma Shearer"
"FALSE","finalized","3","Cobourg, Ontario, Canada","1868-11-02T00:00:00.000Z","White","Na","Straight","1931","Best Actress","http://www.nndb.com/people/814/000063625/","Min and Bill","Marie Dressler"
"FALSE","finalized","3","Washington, Dc","1900-10-10T00:00:00.000Z","White","Na","Straight","1932","Best Actress","http://www.nndb.com/people/908/000031815/","The Sin of Madelon Claudet","Helen Hayes"
"FALSE","finalized","3","Hartford, Ct","1907-05-12T00:00:00.000Z","White","Atheist","Bisexual","1934","Best Actress","http://www.nndb.com/people/775/000023706/","Morning Glory","Katharine Hepburn"
"FALSE","finalized","3","Paris, France","1903-09-13T00:00:00.000Z","White","Na","Straight","1935","Best Actress","http://www.nndb.com/people/935/000043806/","It Happened One Night","Claudette Colbert"
"FALSE","finalized","3","Lowell, Ma","1908-04-05T00:00:00.000Z","White","Na","Straight","1936","Best Actress","http://www.nndb.com/people/457/000026379/","Dangerous","Bette Davis"
"FALSE","finalized","3","Dusseldorf, Germany","1910-01-12T00:00:00.000Z","White","Jewish","Straight","1937","Best Actress","http://www.nndb.com/people/796/000030706/","The Great Ziegfeld","Luise Rainer"
"FALSE","finalized","3","Dusseldorf, Germany","1910-01-12T00:00:00.000Z","White","Jewish","Straight","1938","Best Actress","http://www.nndb.com/people/796/000030706/","The Good Earth","Luise Rainer"
"FALSE","finalized","3","Lowell, Ma","1908-04-05T00:00:00.000Z","White","Na","Straight","1939","Best Actress","http://www.nndb.com/people/457/000026379/","Jezebel","Bette Davis"
"FALSE","finalized","3","Darjeeling, India","1913-11-05T00:00:00.000Z","White","Roman Catholic","Straight","1940","Best Actress","http://www.nndb.com/people/470/000022404/","Gone with the Wind","Vivien Leigh"
"TRUE","golden","76","Independence, Mo","1911-07-16T00:00:00.000Z","White","Christian Science","Straight","1941","Best Actress","http://www.nndb.com/people/635/000043506/","Kitty Foyle","Ginger Rogers"
"FALSE","finalized","3","Tokyo, Japan","1917-10-22T00:00:00.000Z","White","Na","Straight","1940","Best Actress","http://www.nndb.com/people/487/000026409/","Suspicion","Joan Fontaine"
"FALSE","finalized","3","London, England","1904-09-29T00:00:00.000Z","White","Na","Straight","1942","Best Actress","http://www.nndb.com/people/293/000044161/","Mrs. Miniver","Greer Garson"
"FALSE","finalized","3","Tulsa, Ok","1919-03-02T00:00:00.000Z","White","Roman Catholic","Straight","1944","Best Actress","http://www.nndb.com/people/809/000063620/","The Song of Bernadette","Jennifer Jones"
"FALSE","finalized","3","Stockholm, Sweden","1915-08-29T00:00:00.000Z","White","Na","Straight","1945","Best Actress","http://www.nndb.com/people/836/000024764/","Gaslight","Ingrid Bergman"
"FALSE","finalized","3","San Antonio, Tx","1905-03-23T00:00:00.000Z","White","Christian Science","Bisexual","1946","Best Actress","http://www.nndb.com/people/837/000031744/","Mildred Pierce","Joan Crawford"
"FALSE","finalized","3","Tokyo, Japan","1916-07-01T00:00:00.000Z","White","Na","Straight","1947","Best Actress","http://www.nndb.com/people/741/000022675/","To Each His Own","Olivia de Havilland"
"FALSE","finalized","3","Salt Lake City, Ut","1913-01-06T00:00:00.000Z","White","Roman Catholic","Straight","1948","Best Actress","http://www.nndb.com/people/089/000031993/","The Farmer's Daughter","Loretta Young"
"FALSE","finalized","3","St. Joseph, Mo","1917-01-05T00:00:00.000Z","White","Roman Catholic","Straight","1949","Best Actress","http://www.nndb.com/people/656/000022590/","Johnny Belinda","Jane Wyman"
"FALSE","finalized","3","Tokyo, Japan","1916-07-01T00:00:00.000Z","White","Na","Straight","1950","Best Actress","http://www.nndb.com/people/741/000022675/","The Heiress","Olivia de Havilland"
"FALSE","finalized","3","New York City","1921-06-21T00:00:00.000Z","White","Na","Straight","1951","Best Actress","http://www.nndb.com/people/808/000063619/","Born Yesterday","Judy Holliday"
"FALSE","finalized","3","Darjeeling, India","1913-11-05T00:00:00.000Z","White","Roman Catholic","Straight","1952","Best Actress","http://www.nndb.com/people/470/000022404/","A Streetcar Named Desire","Vivien Leigh"
"FALSE","finalized","3","New York City","1898-08-30T00:00:00.000Z","White","Na","Straight","1953","Best Actress","http://www.nndb.com/people/807/000063618/","Come Back, Little Sheba","Shirley Booth"
"FALSE","finalized","3","Brussels, Belgium","1929-05-04T00:00:00.000Z","White","Christian Science","Straight","1954","Best Actress","http://www.nndb.com/people/933/000026855/","Roman Holiday","Audrey Hepburn"
"FALSE","finalized","3","Philadelphia, Pa","1929-11-12T00:00:00.000Z","White","Roman Catholic","Straight","1955","Best Actress","http://www.nndb.com/people/770/000025695/","The Country Girl","Grace Kelly"
"FALSE","finalized","3","Rome, Italy","1908-03-07T00:00:00.000Z","White","Na","Straight","1956","Best Actress","http://www.nndb.com/people/806/000063617/","The Rose Tattoo","Anna Magnani"
"FALSE","finalized","3","Stockholm, Sweden","1915-08-29T00:00:00.000Z","White","Na","Straight","1957","Best Actress","http://www.nndb.com/people/836/000024764/","Anastasia","Ingrid Bergman"
"TRUE","golden","75","Thomasville, Ga","1930-02-27T00:00:00.000Z","White","Na","Straight","1958","Best Actress","http://www.nndb.com/people/747/000043618/","The Three Faces of Eve","Joanne Woodward"
"FALSE","finalized","3","Brooklyn, Ny","1918-06-30T00:00:00.000Z","White","Roman Catholic","Straight","1959","Best Actress","http://www.nndb.com/people/805/000063616/","I Want To Live!","Susan Hayward"
"FALSE","finalized","3","Wiesbaden, Germany","1921-03-25T00:00:00.000Z","White","Na","Straight","1960","Best Actress","http://www.nndb.com/people/804/000063615/","Room at the Top","Simone Signoret"
"FALSE","finalized","3","London, England","1932-02-27T00:00:00.000Z","White","Jewish","Straight","1961","Best Actress","http://www.nndb.com/people/624/000023555/","Butterfield 8","Elizabeth Taylor"
"FALSE","finalized","3","Pozzuoli, Italy","1934-09-20T00:00:00.000Z","White","Roman Catholic","Straight","1962","Best Actress","http://www.nndb.com/people/811/000023742/","Two Women","Sophia Loren"
"FALSE","finalized","3","Bronx, Ny","1931-09-17T00:00:00.000Z","White","Roman Catholic","Straight","1963","Best Actress","http://www.nndb.com/people/439/000023370/","The Miracle Worker","Anne Bancroft"
"FALSE","finalized","3","Packard, Ky","1926-01-20T00:00:00.000Z","White","Roman Catholic","Straight","1964","Best Actress","http://www.nndb.com/people/226/000042100/","Hud","Patricia Neal"
"FALSE","finalized","3","Walton-on-Thames, Surrey, England","1935-10-01T00:00:00.000Z","White","Na","Straight","1965","Best Actress","http://www.nndb.com/people/874/000023805/","Mary Poppins","Julie Andrews"
"FALSE","finalized","3","Chabua, Assam, India","1941-04-14T00:00:00.000Z","White","Na","Straight","1966","Best Actress","http://www.nndb.com/people/801/000063612/","Darling","Julie Christie"
"TRUE","golden","86","London, England","1932-02-27T00:00:00.000Z","White","Jewish","Straight","1967","Best Actress","http://www.nndb.com/people/624/000023555/","Who's Afraid of Virginia Woolf?","Elizabeth Taylor"
"FALSE","finalized","3","Hartford, Ct","1907-05-12T00:00:00.000Z","White","Atheist","Bisexual","1968","Best Actress","http://www.nndb.com/people/775/000023706/","Guess Who's Coming to Dinner","Katharine Hepburn"
"FALSE","finalized","3","Brooklyn, Ny","1942-04-24T00:00:00.000Z","White","Jewish","Straight","1969","Best Actress","http://www.nndb.com/people/526/000022460/","Funny Girl","Barbra Streisand"
"FALSE","finalized","3","Hartford, Ct","1907-05-12T00:00:00.000Z","White","Atheist","Bisexual","1969","Best Actress","http://www.nndb.com/people/775/000023706/","The Lion in Winter","Katharine Hepburn"
"TRUE","golden","89","Ilford, Essex, England","1934-12-28T00:00:00.000Z","White","Na","Straight","1970","Best Actress","http://www.nndb.com/people/260/000030170/","The Prime of Miss Jean Brodie","Maggie Smith"
"FALSE","finalized","3","Birkenhead, Cheshire, England","1936-05-09T00:00:00.000Z","White","Na","Straight","1971","Best Actress","http://www.nndb.com/people/799/000063610/","Women in Love","Glenda Jackson"
"FALSE","finalized","3","New York City","1937-12-21T00:00:00.000Z","White","Born-Again Christian","Straight","1972","Best Actress","http://www.nndb.com/people/637/000022571/","Klute","Jane Fonda"
"FALSE","finalized","3","Los Angeles, Ca","1946-03-12T00:00:00.000Z","White","Na","Na","1973","Best Actress","http://www.nndb.com/people/724/000024652/","Cabaret","Liza Minnelli"
"FALSE","finalized","3","Birkenhead, Cheshire, England","1936-05-09T00:00:00.000Z","White","Na","Straight","1974","Best Actress","http://www.nndb.com/people/799/000063610/","A Touch of Class","Glenda Jackson"
"FALSE","finalized","3","Detroit, Mi","1932-12-07T00:00:00.000Z","White","Sufism","Straight","1975","Best Actress","http://www.nndb.com/people/650/000023581/","Alice Doesn't Live Here Anymore","Ellen Burstyn"
"FALSE","finalized","3","Birmingham, Al","1934-07-22T00:00:00.000Z","White","Na","Straight","1976","Best Actress","http://www.nndb.com/people/798/000063609/","One Flew Over the Cuckoo's Nest","Louise Fletcher"
"TRUE","golden","91","Bascom, Fl","1941-01-14T00:00:00.000Z","White","Roman Catholic","Straight","1977","Best Actress","http://www.nndb.com/people/884/000022818/","Network","Faye Dunaway"
"FALSE","finalized","3","Los Angeles, Ca","1946-01-05T00:00:00.000Z","White","Atheist","Straight","1978","Best Actress","http://www.nndb.com/people/879/000022813/","Annie Hall","Diane Keaton"
"FALSE","finalized","3","New York City","1937-12-21T00:00:00.000Z","White","Born-Again Christian","Straight","1979","Best Actress","http://www.nndb.com/people/637/000022571/","Coming Home","Jane Fonda"
"FALSE","finalized","3","Pasadena, Ca","1946-11-06T00:00:00.000Z","White","Na","Straight","1980","Best Actress","http://www.nndb.com/people/897/000022831/","Norma Rae","Sally Field"
"FALSE","finalized","3","Quitman, Tx","1949-12-25T00:00:00.000Z","White","Na","Straight","1981","Best Actress","http://www.nndb.com/people/758/000023689/","Coal Miner's Daughter","Sissy Spacek"
"FALSE","finalized","3","Hartford, Ct","1907-05-12T00:00:00.000Z","White","Atheist","Bisexual","1982","Best Actress","http://www.nndb.com/people/775/000023706/","On Golden Pond","Katharine Hepburn"
"FALSE","finalized","3","Summit, Nj","1949-06-22T00:00:00.000Z","White","Na","Straight","1983","Best Actress","http://www.nndb.com/people/001/000024926/","Sophie's Choice","Meryl Streep"
"FALSE","finalized","3","Richmond, Va","1934-04-24T00:00:00.000Z","White","Baptist","Straight","1984","Best Actress","http://www.nndb.com/people/799/000023730/","Terms of Endearment","Shirley MacLaine"
"FALSE","finalized","3","Pasadena, Ca","1946-11-06T00:00:00.000Z","White","Na","Straight","1985","Best Actress","http://www.nndb.com/people/897/000022831/","Places in the Heart","Sally Field"
"FALSE","finalized","3","Kirksville, Mo","1924-11-22T00:00:00.000Z","White","Na","Straight","1986","Best Actress","http://www.nndb.com/people/780/000043651/","The Trip to Bountiful","Geraldine Page"
"FALSE","finalized","3","Morton Grove, Il","1965-08-24T00:00:00.000Z","White","Jewish","Straight","1987","Best Actress","http://www.nndb.com/people/870/000023801/","Children of a Lesser God","Marlee Matlin"
"FALSE","finalized","3","El Centro, Ca","1946-05-20T00:00:00.000Z","White","Na","Bisexual","1988","Best Actress","http://www.nndb.com/people/688/000022622/","Moonstruck","Cher"
"FALSE","finalized","3","Los Angeles, Ca","1962-11-19T00:00:00.000Z","White","Atheist","Lesbian","1989","Best Actress","http://www.nndb.com/people/756/000023687/","The Accused","Jodie Foster"
"FALSE","finalized","3","London, England","1909-06-07T00:00:00.000Z","White","Na","Straight","1990","Best Actress","http://www.nndb.com/people/017/000023945/","Driving Miss Daisy","Jessica Tandy"
"FALSE","finalized","3","Memphis, Tn","1948-06-28T00:00:00.000Z","White","Na","Straight","1991","Best Actress","http://www.nndb.com/people/907/000024835/","Misery","Kathy Bates"
"FALSE","finalized","3","Los Angeles, Ca","1962-11-19T00:00:00.000Z","White","Atheist","Lesbian","1992","Best Actress","http://www.nndb.com/people/756/000023687/","The Silence of the Lambs","Jodie Foster"
"FALSE","finalized","3","London, England","1959-04-15T00:00:00.000Z","White","Na","Straight","1993","Best Actress","http://www.nndb.com/people/627/000025552/","Howards End","Emma Thompson"
"FALSE","finalized","3","Conyers, Ga","1958-03-20T00:00:00.000Z","White","Na","Straight","1994","Best Actress","http://www.nndb.com/people/566/000023497/","The Piano","Holly Hunter"
"FALSE","finalized","3","Cloquet, Mn","1949-04-20T00:00:00.000Z","White","Na","Straight","1995","Best Actress","http://www.nndb.com/people/004/000022935/","Blue Sky","Jessica Lange"
"FALSE","finalized","3","Queens, Ny","1946-10-04T00:00:00.000Z","White","Roman Catholic","Straight","1996","Best Actress","http://www.nndb.com/people/762/000024690/","Dead Man Walking","Susan Sarandon"
"FALSE","finalized","3","Chicago, Il","1957-06-23T00:00:00.000Z","White","Disciples of Christ","Straight","1997","Best Actress","http://www.nndb.com/people/517/000025442/","Fargo","Frances McDormand"
"FALSE","finalized","3","Culver City, Ca","1963-06-15T00:00:00.000Z","White","Na","Straight","1998","Best Actress","http://www.nndb.com/people/554/000023485/","As Good As It Gets","Helen Hunt"
"TRUE","golden","91","Los Angeles, Ca","1972-09-27T00:00:00.000Z","White","Jewish","Straight","1999","Best Actress","http://www.nndb.com/people/592/000023523/","Shakespeare in Love","Gwyneth Paltrow"
"FALSE","finalized","3","Lincoln, Ne","1974-07-30T00:00:00.000Z","White","Na","Straight","2000","Best Actress","http://www.nndb.com/people/333/000026255/","Boys Don't Cry","Hilary Swank"
"FALSE","finalized","3","Smyrna, Ga","1967-10-28T00:00:00.000Z","White","Hindu","Straight","2001","Best Actress","http://www.nndb.com/people/592/000022526/","Erin Brockovich","Julia Roberts"
"FALSE","finalized","3","Cleveland, Oh","1966-08-14T00:00:00.000Z","Multiracial","Na","Straight","2002","Best Actress","http://www.nndb.com/people/487/000023418/","Monster's Ball","Halle Berry"
"FALSE","finalized","3","Honolulu, Hi","1967-06-20T00:00:00.000Z","White","Roman Catholic","Straight","2003","Best Actress","http://www.nndb.com/people/917/000022851/","The Hours","Nicole Kidman"
"FALSE","finalized","3","Benoni, South Africa","1975-08-07T00:00:00.000Z","White","Na","Straight","2004","Best Actress","http://www.nndb.com/people/146/000026068/","Monster","Charlize Theron"
"TRUE","golden","85","Lincoln, Ne","1974-07-30T00:00:00.000Z","White","Na","Straight","2005","Best Actress","http://www.nndb.com/people/333/000026255/","Million Dollar Baby","Hilary Swank"
"FALSE","finalized","3","New Orleans, La","1976-03-22T00:00:00.000Z","White","Na","Straight","2006","Best Actress","http://www.nndb.com/people/813/000022747/","Walk the Line","Reese Witherspoon"
"FALSE","finalized","3","Chiswick, London, England","1945-07-26T00:00:00.000Z","White","Na","Straight","2007","Best Actress","http://www.nndb.com/people/907/000044775/","The Queen","Helen Mirren"
"FALSE","finalized","3","Paris, France","1975-09-30T00:00:00.000Z","White","Na","Straight","2008","Best Actress","http://www.nndb.com/people/723/000136315/","The Passionate Life of Edith Piaf","Marion Cotillard"
"FALSE","finalized","3","Reading, England","1975-10-05T00:00:00.000Z","White","Na","Straight","2009","Best Actress","http://www.nndb.com/people/582/000023513/","The Reader","Kate Winslet"
"FALSE","finalized","3","Arlington, Va","1964-07-26T00:00:00.000Z","White","Na","Straight","2010","Best Actress","http://www.nndb.com/people/601/000023532/","The Blind Side","Sandra Bullock"
"FALSE","finalized","3","Jerusalem, Israel","1981-06-09T00:00:00.000Z","White","Jewish","Straight","2011","Best Actress","http://www.nndb.com/people/040/000022971/","Black Swan","Natalie Portman"
"FALSE","finalized","3","Summit, Nj","1949-06-22T00:00:00.000Z","White","Na","Straight","2012","Best Actress","http://www.nndb.com/people/001/000024926/","The Iron Lady","Meryl Streep"
"FALSE","finalized","3","Louisville, Ky","1990-08-15T00:00:00.000Z","White","Na","Na","2013","Best Actress","http://www.nndb.com/people/597/000272778/","Silver Linings Playbook","Jennifer Lawrence"
"FALSE","finalized","3","Melbourne, Victoria, Australia","1969-05-14T00:00:00.000Z","White","Na","Straight","2014","Best Actress","http://www.nndb.com/people/222/000026144/","Blue Jasmine","Cate Blanchett"
"FALSE","finalized","3","Litchfield, Mn","1899-02-15T00:00:00.000Z","White","Na","Straight","1937","Best Supporting Actress","http://www.nndb.com/people/062/000063870/","Anthony Adverse","Gale Sondergaard"
"FALSE","finalized","3","New York City","1892-11-02T00:00:00.000Z","White","Na","Straight","1938","Best Supporting Actress","http://www.nndb.com/people/079/000063887/","In Old Chicago","Alice Brady"
"FALSE","finalized","3","Los Angeles, Ca","1891-12-07T00:00:00.000Z","White","Na","Straight","1939","Best Supporting Actress","http://www.nndb.com/people/074/000063882/","Jezebel","Fay Bainter"
"FALSE","finalized","3","Wichita, Ks","1893-06-10T00:00:00.000Z","Black","Christian","Matter of Dispute","1940","Best Supporting Actress","http://www.nndb.com/people/077/000063885/","Gone with the Wind","Hattie McDaniel"
"FALSE","finalized","3","Palmyra, Mo","1879-10-15T00:00:00.000Z","White","Na","Straight","1941","Best Supporting Actress","http://www.nndb.com/people/078/000063886/","The Grapes of Wrath","Jane Darwell"
"TRUE","golden","91","Quincy, Il","1906-05-03T00:00:00.000Z","White","Roman Catholic","Straight","1942","Best Supporting Actress","http://www.nndb.com/people/690/000042564/","The Great Lie","Mary Astor"
"FALSE","finalized","3","New York City","1918-10-27T00:00:00.000Z","White","Na","Straight","1943","Best Supporting Actress","http://www.nndb.com/people/580/000045445/","Mrs. Miniver","Teresa Wright"
"FALSE","finalized","3","Athens, Greece","1900-12-17T00:00:00.000Z","White","Na","Straight","1944","Best Supporting Actress","http://www.nndb.com/people/080/000063888/","For Whom the Bell Tolls","Katina Paxinou"
"FALSE","finalized","3","Philadelphia, Pa","1879-08-15T00:00:00.000Z","White","Roman Catholic","Straight","1945","Best Supporting Actress","http://www.nndb.com/people/743/000043614/","None but the Lonely Heart","Ethel Barrymore"
"TRUE","golden","76","New York City","1903-06-25T00:00:00.000Z","White","Na","Straight","1946","Best Supporting Actress","http://www.nndb.com/people/081/000063889/","National Velvet","Anne Revere"
"FALSE","finalized","3","Michigan City, In","1923-05-07T00:00:00.000Z","White","Na","Straight","1947","Best Supporting Actress","http://www.nndb.com/people/458/000026380/","The Razor's Edge","Anne Baxter"
"FALSE","finalized","3","New York City","1917-04-29T00:00:00.000Z","White","Na","Straight","1948","Best Supporting Actress","http://www.nndb.com/people/084/000063892/","Gentleman's Agreement","Celeste Holm"
"FALSE","finalized","3","New York City","1910-03-08T00:00:00.000Z","White","Na","Straight","1949","Best Supporting Actress","http://www.nndb.com/people/085/000063893/","Key Largo","Claire Trevor"
"FALSE","finalized","3","Joliet, Il","1916-03-17T00:00:00.000Z","White","Roman Catholic","Straight","1950","Best Supporting Actress","http://www.nndb.com/people/086/000063894/","All the King's Men","Mercedes McCambridge"
"FALSE","finalized","3","Newtonville, Ma","1886-01-03T00:00:00.000Z","White","Na","Straight","1951","Best Supporting Actress","http://www.nndb.com/people/087/000063895/","Harvey","Josephine Hull"
"FALSE","finalized","3","Detroit, Mi","1922-11-12T00:00:00.000Z","White","Na","Straight","1952","Best Supporting Actress","http://www.nndb.com/people/501/000051348/","A Streetcar Named Desire","Kim Hunter"
"FALSE","finalized","3","Los Angeles, Ca","1923-11-28T00:00:00.000Z","White","Na","Straight","1953","Best Supporting Actress","http://www.nndb.com/people/088/000063896/","The Bad and the Beautiful","Gloria Grahame"
"FALSE","finalized","3","Denison, Ia","1921-01-27T00:00:00.000Z","White","Na","Straight","1954","Best Supporting Actress","http://www.nndb.com/people/702/000031609/","From Here to Eternity","Donna Reed"
"FALSE","finalized","3","Newark, Nj","1924-07-04T00:00:00.000Z","White","Na","Straight","1955","Best Supporting Actress","http://www.nndb.com/people/980/000022914/","On the Waterfront","Eva Marie Saint"
"FALSE","finalized","3","Oakland, Ca","1914-12-30T00:00:00.000Z","White","Na","Straight","1956","Best Supporting Actress","http://www.nndb.com/people/089/000063897/","East of Eden","Jo Van Fleet"
"FALSE","finalized","3","Chicago, Il","1925-01-30T00:00:00.000Z","White","Na","Straight","1957","Best Supporting Actress","http://www.nndb.com/people/090/000063898/","Written on the Wind","Dorothy Malone"
"FALSE","finalized","3","Otaro, Hokkaido, Japan","1929-04-03T00:00:00.000Z","Asian","Na","Straight","1958","Best Supporting Actress","http://www.nndb.com/people/091/000063899/","Sayonara","Miyoshi Umeki"
"FALSE","finalized","3","Bramhall, Cheshire, England","1912-08-15T00:00:00.000Z","White","Na","Straight","1959","Best Supporting Actress","http://www.nndb.com/people/056/000063864/","Separate Tables","Wendy Hiller"
"FALSE","finalized","3","St. Louis, Mo","1920-08-18T00:00:00.000Z","White","Jewish","Straight","1960","Best Supporting Actress","http://www.nndb.com/people/859/000022793/","The Diary of Anne Frank","Shelley Winters"
"FALSE","finalized","3","Charleroi, Pa","1934-03-31T00:00:00.000Z","White","Methodist","Straight","1961","Best Supporting Actress","http://www.nndb.com/people/795/000023726/","Elmer Gantry","Shirley Jones"
"FALSE","finalized","3","Humacao, Puerto Rico","1931-12-11T00:00:00.000Z","Hispanic","Na","Straight","1962","Best Supporting Actress","http://www.nndb.com/people/463/000023394/","West Side Story","Rita Moreno"
"FALSE","finalized","3","Elmhurst, Ny","1946-12-14T00:00:00.000Z","White","Roman Catholic","Straight","1963","Best Supporting Actress","http://www.nndb.com/people/775/000022709/","The Miracle Worker","Patty Duke"
"FALSE","finalized","3","London, England","1892-05-11T00:00:00.000Z","White","Na","Straight","1964","Best Supporting Actress","http://www.nndb.com/people/052/000063860/","the V.I.P.s","Margaret Rutherford"
"FALSE","finalized","3","St. Petersburg, Russia","1918-10-09T00:00:00.000Z","White","Na","Straight","1965","Best Supporting Actress","http://www.nndb.com/people/049/000063857/","Zorba the Greek","Lila Kedrova"
"FALSE","finalized","3","St. Louis, Mo","1920-08-18T00:00:00.000Z","White","Jewish","Straight","1966","Best Supporting Actress","http://www.nndb.com/people/859/000022793/","A Patch of Blue","Shelley Winters"
"FALSE","finalized","3","Hastings, Ne","1937-04-27T00:00:00.000Z","White","Na","Bisexual","1967","Best Supporting Actress","http://www.nndb.com/people/961/000063772/","Who's Afraid of Virginia Woolf?","Sandy Dennis"
"FALSE","finalized","3","Marblehead, Ma","1927-11-20T00:00:00.000Z","White","Na","Straight","1968","Best Supporting Actress","http://www.nndb.com/people/475/000032379/","Bonnie and Clyde","Estelle Parsons"
"FALSE","finalized","3","Quincy, Ma","1896-10-30T00:00:00.000Z","White","Na","Straight","1969","Best Supporting Actress","http://www.nndb.com/people/818/000043689/","Rosemary's Baby","Ruth Gordon"
"FALSE","finalized","3","Silver Spring, Md","1945-11-21T00:00:00.000Z","White","Buddhist","Straight","1970","Best Supporting Actress","http://www.nndb.com/people/996/000022930/","Cactus Flower","Goldie Hawn"
"FALSE","finalized","3","Washington, Dc","1900-10-10T00:00:00.000Z","White","Na","Straight","1971","Best Supporting Actress","http://www.nndb.com/people/908/000031815/","Airport","Helen Hayes"
"FALSE","finalized","3","Des Moines, Ia","1926-04-30T00:00:00.000Z","White","Na","Straight","1972","Best Supporting Actress","http://www.nndb.com/people/177/000023108/","The Last Picture Show","Cloris Leachman"
"FALSE","finalized","3","Columbus, Oh","1919-03-29T00:00:00.000Z","White","Na","Straight","1973","Best Supporting Actress","http://www.nndb.com/people/828/000063639/","Butterflies Are Free","Eileen Heckart"
"FALSE","finalized","3","Los Angeles, Ca","1963-11-05T00:00:00.000Z","White","Na","Straight","1974","Best Supporting Actress","http://www.nndb.com/people/104/000024032/","Paper Moon","Tatum O'Neal"
"FALSE","finalized","3","Stockholm, Sweden","1915-08-29T00:00:00.000Z","White","Na","Straight","1975","Best Supporting Actress","http://www.nndb.com/people/836/000024764/","Murder on the Orient Express","Ingrid Bergman"
"TRUE","golden","87","New York City","1927-10-31T00:00:00.000Z","White","Jewish","Straight","1976","Best Supporting Actress","http://www.nndb.com/people/409/000032313/","Shampoo","Lee Grant"
"FALSE","finalized","3","Old Westbury, Ny","1914-08-02T00:00:00.000Z","White","Na","Straight","1977","Best Supporting Actress","http://www.nndb.com/people/817/000063628/","Network","Beatrice Straight"
"FALSE","finalized","3","London, England","1937-01-30T00:00:00.000Z","White","Na","Straight","1978","Best Supporting Actress","http://www.nndb.com/people/590/000023521/","Julia","Vanessa Redgrave"
"FALSE","finalized","3","Ilford, Essex, England","1934-12-28T00:00:00.000Z","White","Na","Straight","1979","Best Supporting Actress","http://www.nndb.com/people/260/000030170/","California Suite","Maggie Smith"
"FALSE","finalized","3","Summit, Nj","1949-06-22T00:00:00.000Z","White","Na","Straight","1980","Best Supporting Actress","http://www.nndb.com/people/001/000024926/","Kramer vs. Kramer","Meryl Streep"
"FALSE","finalized","3","Newport, Ar","1953-02-08T00:00:00.000Z","White","Na","Straight","1981","Best Supporting Actress","http://www.nndb.com/people/271/000025196/","Melvin and Howard","Mary Steenburgen"
"FALSE","finalized","3","Troy, Ny","1925-06-21T00:00:00.000Z","White","Roman Catholic","Straight","1982","Best Supporting Actress","http://www.nndb.com/people/376/000032280/","Reds","Maureen Stapleton"
"FALSE","finalized","3","Cloquet, Mn","1949-04-20T00:00:00.000Z","White","Na","Straight","1983","Best Supporting Actress","http://www.nndb.com/people/004/000022935/","Tootsie","Jessica Lange"
"FALSE","finalized","3","Morristown, Nj","1945-04-02T00:00:00.000Z","White","Na","Na","1984","Best Supporting Actress","http://www.nndb.com/people/671/000024599/","The Year of Living Dangerously","Linda Hunt"
"FALSE","finalized","3","Croydon, Surrey, England","1907-12-22T00:00:00.000Z","White","Agnostic","Straight","1985","Best Supporting Actress","http://www.nndb.com/people/816/000063627/","A Passage to India","Peggy Ashcroft"
"FALSE","finalized","3","Santa Monica, Ca","1951-07-08T00:00:00.000Z","White","Na","Straight","1986","Best Supporting Actress","http://www.nndb.com/people/128/000025053/","Prizzi's Honor","Anjelica Huston"
"FALSE","finalized","3","Kansas City, Mo","1948-03-28T00:00:00.000Z","White","Na","Straight","1987","Best Supporting Actress","http://www.nndb.com/people/894/000024822/","Hannah and Her Sisters","Dianne Wiest"
"FALSE","finalized","3","Lowell, Ma","1931-06-20T00:00:00.000Z","White","Na","Straight","1988","Best Supporting Actress","http://www.nndb.com/people/430/000023361/","Moonstruck","Olympia Dukakis"
"FALSE","finalized","3","Wareham, Ma","1956-01-21T00:00:00.000Z","White","Congregationalist","Straight","1989","Best Supporting Actress","http://www.nndb.com/people/883/000022817/","The Accidental Tourist","Geena Davis"
"FALSE","finalized","3","Dublin, Ireland","1945-02-17T00:00:00.000Z","White","Na","Straight","1990","Best Supporting Actress","http://www.nndb.com/people/815/000063626/","My Left Foot","Brenda Fricker"
"FALSE","finalized","3","New York City","1955-11-13T00:00:00.000Z","Black","Atheist","Straight","1991","Best Supporting Actress","http://www.nndb.com/people/242/000025167/","Ghost","Whoopi Goldberg"
"FALSE","finalized","3","Queens, Ny","1948-02-28T00:00:00.000Z","Hispanic","Roman Catholic","Straight","1992","Best Supporting Actress","http://www.nndb.com/people/890/000024818/","The Fisher King","Mercedes Ruehl"
"FALSE","finalized","3","Brooklyn, Ny","1964-12-04T00:00:00.000Z","White","Na","Straight","1993","Best Supporting Actress","http://www.nndb.com/people/985/000025910/","My Cousin Vinny","Marisa Tomei"
"FALSE","finalized","3","Winnipeg, Manitoba, Canada","1982-07-24T00:00:00.000Z","White","Na","Bisexual","1994","Best Supporting Actress","http://www.nndb.com/people/763/000025688/","The Piano","Anna Paquin"
"FALSE","finalized","3","Kansas City, Mo","1948-03-28T00:00:00.000Z","White","Na","Straight","1995","Best Supporting Actress","http://www.nndb.com/people/894/000024822/","Bullets Over Broadway","Dianne Wiest"
"FALSE","finalized","3","Tenafly, Nj","1967-09-28T00:00:00.000Z","White","Atheist","Straight","1996","Best Supporting Actress","http://www.nndb.com/people/890/000025815/","Mighty Aphrodite","Mira Sorvino"
"FALSE","finalized","3","Paris, France","1964-03-09T00:00:00.000Z","White","Na","Straight","1997","Best Supporting Actress","http://www.nndb.com/people/970/000025895/","The English Patient","Juliette Binoche"
"FALSE","finalized","3","Athens, Ga","1953-12-08T00:00:00.000Z","White","Na","Straight","1998","Best Supporting Actress","http://www.nndb.com/people/310/000025235/","L.A. Confidential","Kim Basinger"
"FALSE","finalized","3","York, North Yorkshire, England","1934-12-09T00:00:00.000Z","White","Quaker","Straight","1999","Best Supporting Actress","http://www.nndb.com/people/824/000023755/","Shakespeare in Love","Judi Dench"
"TRUE","golden","87","Los Angeles, Ca","1975-06-04T00:00:00.000Z","White","Buddhist","Bisexual","2000","Best Supporting Actress","http://www.nndb.com/people/493/000023424/","Girl, Interrupted","Angelina Jolie"
"TRUE","golden","91","La Jolla, Ca","1959-08-14T00:00:00.000Z","White","Na","Straight","2001","Best Supporting Actress","http://www.nndb.com/people/641/000025566/","Pollock","Marcia Gay Harden"
"FALSE","finalized","3","Catskill Mountains, Ny","1970-12-12T00:00:00.000Z","White","Jewish","Straight","2002","Best Supporting Actress","http://www.nndb.com/people/240/000026162/","A Beautiful Mind","Jennifer Connelly"
"FALSE","finalized","3","Mumbles, Wales","1969-09-25T00:00:00.000Z","White","Roman Catholic","Straight","2003","Best Supporting Actress","http://www.nndb.com/people/516/000023447/","Chicago","Catherine Zeta-Jones"
"FALSE","finalized","3","Katy, Tx","1969-04-25T00:00:00.000Z","White","Na","Straight","2004","Best Supporting Actress","http://www.nndb.com/people/708/000024636/","Cold Mountain","Ren̩e Zellweger"
"FALSE","finalized","3","Melbourne, Victoria, Australia","1969-05-14T00:00:00.000Z","White","Na","Straight","2005","Best Supporting Actress","http://www.nndb.com/people/222/000026144/","The Aviator","Cate Blanchett"
"TRUE","golden","92","London, England","1971-03-07T00:00:00.000Z","White","Jewish","Straight","2006","Best Supporting Actress","http://www.nndb.com/people/309/000032213/","The Constant Gardener","Rachel Weisz"
"FALSE","finalized","3","Chicago, Il","1981-09-12T00:00:00.000Z","Black","Baptist","Straight","2007","Best Supporting Actress","http://www.nndb.com/people/434/000129047/","Dreamgirls","Jennifer Hudson"
"FALSE","finalized","3","London, England","1960-11-05T00:00:00.000Z","White","Na","Straight","2007","Best Supporting Actress","http://www.nndb.com/people/178/000108851/","Michael Clayton","Tilda Swinton"
"FALSE","finalized","3","Madrid, Spain","1974-04-28T00:00:00.000Z","Hispanic","Buddhist","Straight","2009","Best Supporting Actress","http://www.nndb.com/people/748/000025673/","Vicky Cristina Barcelona","Penelope Cruz"
"TRUE","golden","86","Woodlawn, Md","1967-12-11T00:00:00.000Z","Black","Na","Straight","2010","Best Supporting Actress","http://www.nndb.com/people/836/000131443/","Precious","Mo'Nique"
"FALSE","finalized","3","New York City","1960-09-14T00:00:00.000Z","White","Na","Straight","2011","Best Supporting Actress","http://www.nndb.com/people/327/000042201/","The Fighter","Melissa Leo"
"FALSE","finalized","3","Montgomery, Al","1972-05-25T00:00:00.000Z","Black","Na","Na","2012","Best Supporting Actress","http://www.nndb.com/people/304/000281458/","The Help","Octavia Spencer"
"FALSE","finalized","3","Brooklyn, Ny","1982-11-12T00:00:00.000Z","White","Christian","Straight","2013","Best Supporting Actress","http://www.nndb.com/people/220/000032124/","Les Mis̩rables","Anne Hathaway"
"FALSE","finalized","3","Mexico City, Mexico","1983-03-01T00:00:00.000Z","Black","Na","Na","2014","Best Supporting Actress","http://www.nndb.com/people/570/000380427/","12 Years a Slave","Lupita Nyong'o"
"FALSE","finalized","3","Sucha, Galicia, Austria","1906-06-22T00:00:00.000Z","White","Jewish","Straight","1961","Best Director","http://www.nndb.com/people/982/000024910/","The Apartment","Billy Wilder"
"FALSE","finalized","3","Independence, Mo","1911-07-16T00:00:00.000Z","White","Christian Science","Straight","1941","Best Actress","http://www.nndb.com/people/635/000043506/","Kitty Foyle","Ginger Rogers"
"FALSE","finalized","3","Concord, Ca","1956-07-09T00:00:00.000Z","White","Born-Again Christian","Straight","1994","Best Actor","http://www.nndb.com/people/687/000022621/","Philadelphia","Tom Hanks"
"FALSE","finalized","3","New York City","1939-02-03T00:00:00.000Z","White","Na","Straight","1979","Best Director","http://www.nndb.com/people/810/000043681/","The Deer Hunter","Michael Cimino"
"FALSE","finalized","3","Quincy, Il","1906-05-03T00:00:00.000Z","White","Roman Catholic","Straight","1942","Best Supporting Actress","http://www.nndb.com/people/690/000042564/","The Great Lie","Mary Astor"
"FALSE","finalized","3","Los Angeles, Ca","1975-06-04T00:00:00.000Z","White","Buddhist","Bisexual","2000","Best Supporting Actress","http://www.nndb.com/people/493/000023424/","Girl, Interrupted","Angelina Jolie"
"FALSE","finalized","3","New York City","1927-10-31T00:00:00.000Z","White","Jewish","Straight","1976","Best Supporting Actress","http://www.nndb.com/people/409/000032313/","Shampoo","Lee Grant"
"FALSE","finalized","3","New York City","1903-06-25T00:00:00.000Z","White","Na","Straight","1946","Best Supporting Actress","http://www.nndb.com/people/081/000063889/","National Velvet","Anne Revere"
"FALSE","finalized","3","Bascom, Fl","1941-01-14T00:00:00.000Z","White","Roman Catholic","Straight","1977","Best Actress","http://www.nndb.com/people/884/000022818/","Network","Faye Dunaway"
"FALSE","finalized","3","Walters, Ok","1910-12-13T00:00:00.000Z","White","Na","Straight","1943","Best Supporting Actor","http://www.nndb.com/people/680/000042554/","Johnny Eager","Van Heflin"
"FALSE","finalized","3","Thomasville, Ga","1930-02-27T00:00:00.000Z","White","Na","Straight","1958","Best Actress","http://www.nndb.com/people/747/000043618/","The Three Faces of Eve","Joanne Woodward"
"FALSE","finalized","3","Helena, Mt","1901-05-07T00:00:00.000Z","White","Roman Catholic","Straight","1953","Best Actor","http://www.nndb.com/people/740/000031647/","High Noon","Gary Cooper"
"FALSE","finalized","3","London, England","1932-02-27T00:00:00.000Z","White","Jewish","Straight","1967","Best Actress","http://www.nndb.com/people/624/000023555/","Who's Afraid of Virginia Woolf?","Elizabeth Taylor"
"FALSE","finalized","3","Lincoln, Ne","1974-07-30T00:00:00.000Z","White","Na","Straight","2005","Best Actress","http://www.nndb.com/people/333/000026255/","Million Dollar Baby","Hilary Swank"
"TRUE","golden","86","Lincoln, Ne","1974-07-30T00:00:00.000Z","White","Na","Straight","2005","Best Actress","http://www.nndb.com/people/333/000026255/","Million Dollar Baby","Hilary Swank"
"FALSE","finalized","3","Los Angeles, Ca","1972-09-27T00:00:00.000Z","White","Jewish","Straight","1999","Best Actress","http://www.nndb.com/people/592/000023523/","Shakespeare in Love","Gwyneth Paltrow"
"FALSE","finalized","3","Malden, Ma","1907-06-16T00:00:00.000Z","White","Na","Na","1969","Best Supporting Actor","http://www.nndb.com/people/559/000049412/","The Subject Was Roses","Jack Albertson"
"FALSE","finalized","3","Woodlawn, Md","1967-12-11T00:00:00.000Z","Black","Na","Straight","2010","Best Supporting Actress","http://www.nndb.com/people/836/000131443/","Precious","Mo'Nique"
"FALSE","finalized","3","La Jolla, Ca","1959-08-14T00:00:00.000Z","White","Na","Straight","2001","Best Supporting Actress","http://www.nndb.com/people/641/000025566/","Pollock","Marcia Gay Harden"
"FALSE","finalized","3","Ilford, Essex, England","1934-12-28T00:00:00.000Z","White","Na","Straight","1970","Best Actress","http://www.nndb.com/people/260/000030170/","The Prime of Miss Jean Brodie","Maggie Smith"
"FALSE","finalized","3","London, England","1971-03-07T00:00:00.000Z","White","Jewish","Straight","2006","Best Supporting Actress","http://www.nndb.com/people/309/000032213/","The Constant Gardener","Rachel Weisz"
"FALSE","finalized","3","Manchester, England","1956-10-20T00:00:00.000Z","White","Roman Catholic","Straight","2009","Best Director","http://www.nndb.com/people/887/000044755/","Slumdog Millionaire","Danny Boyle"
"FALSE","finalized","3","Chicago, Il","1922-07-26T00:00:00.000Z","White","Na","Straight","1977","Best Supporting Actor","http://www.nndb.com/people/224/000032128/","All the President's Men","Jason Robards"
"FALSE","finalized","3","Laurel, Ne","1928-08-31T00:00:00.000Z","White","Na","Straight","1999","Best Supporting Actor","http://www.nndb.com/people/764/000022698/","Affliction","James Coburn"
"FALSE","finalized","3","Nevada, Mo","1906-08-05T00:00:00.000Z","White","Na","Straight","1949","Best Director","http://www.nndb.com/people/704/000024632/","The Treasure of the Sierra Madre","John Huston"
